phase,label,kind,natoms,volume_A3,min_distance_A,strain,rattle_sigma_A,seed,spin,kmesh,structure_file,input_file
AlNi,iso_m02,isotropic_strain,2,22.81274450,2.45615900,-0.02,0.0,,0,16x16x16,diverse_pilot_01/AlNi/iso_m02/AlNi_iso_m02.extxyz,diverse_pilot_01/AlNi/iso_m02/AlNi_iso_m02.in
AlNi,iso_p02,isotropic_strain,2,25.72170924,2.55641038,0.02,0.0,,0,16x16x16,diverse_pilot_01/AlNi/iso_p02/AlNi_iso_p02.extxyz,diverse_pilot_01/AlNi/iso_p02/AlNi_iso_p02.in
AlNi,rattle_003,random_displacement,2,24.23814110,2.41578978,0.0,0.03,1101,0,16x16x16,diverse_pilot_01/AlNi/rattle_003/AlNi_rattle_003.extxyz,diverse_pilot_01/AlNi/rattle_003/AlNi_rattle_003.in
AlNi,shear015_rattle002,shear_plus_displacement,2,24.23814110,2.46127004,0.015,0.02,1102,0,16x16x16,diverse_pilot_01/AlNi/shear015_rattle002/AlNi_shear015_rattle002.extxyz,diverse_pilot_01/AlNi/shear015_rattle002/AlNi_shear015_rattle002.in
Al3Ni,iso_m02,isotropic_strain,16,222.06538910,2.40086348,-0.02,0.0,,0,10x8x8,diverse_pilot_01/Al3Ni/iso_m02/Al3Ni_iso_m02.extxyz,diverse_pilot_01/Al3Ni/iso_m02/Al3Ni_iso_m02.in
Al3Ni,iso_p02,isotropic_strain,16,250.38203410,2.49885790,0.02,0.0,,0,10x8x8,diverse_pilot_01/Al3Ni/iso_p02/Al3Ni_iso_p02.extxyz,diverse_pilot_01/Al3Ni/iso_p02/Al3Ni_iso_p02.in
Al3Ni,rattle_003,random_displacement,16,235.94058290,2.37940785,0.0,0.03,1201,0,10x8x8,diverse_pilot_01/Al3Ni/rattle_003/Al3Ni_rattle_003.extxyz,diverse_pilot_01/Al3Ni/rattle_003/Al3Ni_rattle_003.in
Al3Ni,shear015_rattle002,shear_plus_displacement,16,235.94058290,2.42581393,0.015,0.02,1202,0,10x8x8,diverse_pilot_01/Al3Ni/shear015_rattle002/Al3Ni_shear015_rattle002.extxyz,diverse_pilot_01/Al3Ni/shear015_rattle002/Al3Ni_shear015_rattle002.in
Al3Ni2,iso_m02,isotropic_strain,5,65.45179961,2.39483965,-0.02,0.0,,0,14x14x10,diverse_pilot_01/Al3Ni2/iso_m02/Al3Ni2_iso_m02.extxyz,diverse_pilot_01/Al3Ni2/iso_m02/Al3Ni2_iso_m02.in
Al3Ni2,iso_p02,isotropic_strain,5,73.79787903,2.49258821,0.02,0.0,,0,14x14x10,diverse_pilot_01/Al3Ni2/iso_p02/Al3Ni2_iso_p02.extxyz,diverse_pilot_01/Al3Ni2/iso_p02/Al3Ni2_iso_p02.in
Al3Ni2,rattle_003,random_displacement,5,69.54138965,2.41307266,0.0,0.03,1301,0,14x14x10,diverse_pilot_01/Al3Ni2/rattle_003/Al3Ni2_rattle_003.extxyz,diverse_pilot_01/Al3Ni2/rattle_003/Al3Ni2_rattle_003.in
Al3Ni2,shear015_rattle002,shear_plus_displacement,5,69.54138965,2.39669332,0.015,0.02,1302,0,14x14x10,diverse_pilot_01/Al3Ni2/shear015_rattle002/Al3Ni2_shear015_rattle002.extxyz,diverse_pilot_01/Al3Ni2/shear015_rattle002/Al3Ni2_shear015_rattle002.in
Al3Ni5,iso_m02,isotropic_strain,8,88.37616857,2.35335326,-0.02,0.0,,0,12x10x10,diverse_pilot_01/Al3Ni5/iso_m02/Al3Ni5_iso_m02.extxyz,diverse_pilot_01/Al3Ni5/iso_m02/Al3Ni5_iso_m02.in
Al3Ni5,iso_p02,isotropic_strain,8,99.64544651,2.44940850,0.02,0.0,,0,12x10x10,diverse_pilot_01/Al3Ni5/iso_p02/Al3Ni5_iso_p02.extxyz,diverse_pilot_01/Al3Ni5/iso_p02/Al3Ni5_iso_p02.in
Al3Ni5,rattle_003,random_displacement,8,93.89812978,2.38865366,0.0,0.03,1401,0,12x10x10,diverse_pilot_01/Al3Ni5/rattle_003/Al3Ni5_rattle_003.extxyz,diverse_pilot_01/Al3Ni5/rattle_003/Al3Ni5_rattle_003.in
Al3Ni5,shear015_rattle002,shear_plus_displacement,8,93.89812978,2.36393973,0.015,0.02,1402,0,12x10x10,diverse_pilot_01/Al3Ni5/shear015_rattle002/Al3Ni5_shear015_rattle002.extxyz,diverse_pilot_01/Al3Ni5/shear015_rattle002/Al3Ni5_shear015_rattle002.in
AlNi3,iso_m02,isotropic_strain,4,42.72804489,2.47202844,-0.02,0.0,,1,14x14x14,diverse_pilot_01/AlNi3/iso_m02/AlNi3_iso_m02.extxyz,diverse_pilot_01/AlNi3/iso_m02/AlNi3_iso_m02.in
AlNi3,iso_p02,isotropic_strain,4,48.17650709,2.57292756,0.02,0.0,,1,14x14x14,diverse_pilot_01/AlNi3/iso_p02/AlNi3_iso_p02.extxyz,diverse_pilot_01/AlNi3/iso_p02/AlNi3_iso_p02.in
AlNi3,rattle_003,random_displacement,4,45.39779864,2.44579026,0.0,0.03,1501,1,14x14x14,diverse_pilot_01/AlNi3/rattle_003/AlNi3_rattle_003.extxyz,diverse_pilot_01/AlNi3/rattle_003/AlNi3_rattle_003.in
AlNi3,shear015_rattle002,shear_plus_displacement,4,45.39779864,2.45510717,0.015,0.02,1502,1,14x14x14,diverse_pilot_01/AlNi3/shear015_rattle002/AlNi3_shear015_rattle002.extxyz,diverse_pilot_01/AlNi3/shear015_rattle002/AlNi3_shear015_rattle002.in
