"# RDF computed from DFT-relaxed primitive cell (data/datasets/ni_al_combined227_dft.extxyz, config_id=Al3Ni_relaxed), total (all-species) g(r), rmax=10.0 A, dr=0.05 A, ASE neighbor_list (PBC-correct regardless of cutoff vs cell size)"
r_angstrom,g_r
0.0250,0.000000
0.0750,0.000000
0.1250,0.000000
0.1750,0.000000
0.2250,0.000000
0.2750,0.000000
0.3250,0.000000
0.3750,0.000000
0.4250,0.000000
0.4750,0.000000
0.5250,0.000000
0.5750,0.000000
0.6250,0.000000
0.6750,0.000000
0.7250,0.000000
0.7750,0.000000
0.8250,0.000000
0.8750,0.000000
0.9250,0.000000
0.9750,0.000000
1.0250,0.000000
1.0750,0.000000
1.1250,0.000000
1.1750,0.000000
1.2250,0.000000
1.2750,0.000000
1.3250,0.000000
1.3750,0.000000
1.4250,0.000000
1.4750,0.000000
1.5250,0.000000
1.5750,0.000000
1.6250,0.000000
1.6750,0.000000
1.7250,0.000000
1.7750,0.000000
1.8250,0.000000
1.8750,0.000000
1.9250,0.000000
1.9750,0.000000
2.0250,0.000000
2.0750,0.000000
2.1250,0.000000
2.1750,0.000000
2.2250,0.000000
2.2750,0.000000
2.3250,0.000000
2.3750,0.000000
2.4250,3.990978
2.4750,11.494065
2.5250,0.000000
2.5750,0.000000
2.6250,0.000000
2.6750,0.000000
2.7250,3.160602
2.7750,3.047732
2.8250,2.940803
2.8750,7.098508
2.9250,0.000000
2.9750,0.000000
3.0250,0.000000
3.0750,0.000000
3.1250,2.403271
3.1750,0.000000
3.2250,2.256542
3.2750,0.000000
3.3250,0.000000
3.3750,0.000000
3.4250,0.000000
3.4750,1.943539
3.5250,0.000000
3.5750,0.000000
3.6250,0.000000
3.6750,0.868877
3.7250,0.000000
3.7750,1.646906
3.8250,0.000000
3.8750,1.563001
3.9250,0.000000
3.9750,0.000000
4.0250,0.000000
4.0750,0.000000
4.1250,0.689644
4.1750,1.346449
4.2250,0.000000
4.2750,2.568387
4.3250,1.254673
4.3750,0.000000
4.4250,0.599303
4.4750,1.171971
4.5250,6.304176
4.5750,0.000000
4.6250,2.194367
4.6750,2.147680
4.7250,2.102467
4.7750,0.514667
4.8250,2.016221
4.8750,1.975075
4.9250,0.000000
4.9750,0.948236
5.0250,0.929460
5.0750,1.822471
5.1250,0.000000
5.1750,0.000000
5.2250,0.859667
5.2750,0.000000
5.3250,0.000000
5.3750,0.000000
5.4250,0.797450
5.4750,1.174426
5.5250,1.537688
5.5750,2.265345
5.6250,0.741750
5.6750,1.093106
5.7250,0.716064
5.7750,1.407436
5.8250,0.000000
5.8750,0.679966
5.9250,1.337076
5.9750,0.657396
6.0250,0.969795
6.0750,0.000000
6.1250,1.251182
6.1750,1.231002
6.2250,0.000000
6.2750,2.086140
6.3250,1.173307
6.3750,0.000000
6.4250,2.274136
6.4750,1.119575
6.5250,0.000000
6.5750,1.900113
6.6250,2.673628
6.6750,1.580234
6.7250,1.556824
6.7750,1.533930
6.8250,1.007691
6.8750,0.496544
6.9250,0.734099
6.9750,0.000000
7.0250,0.000000
7.0750,0.703301
7.1250,2.311549
7.1750,0.683833
7.2250,1.124002
7.2750,0.443442
7.3250,0.437409
7.3750,2.157490
7.4250,0.638559
7.4750,1.260090
7.5250,1.865101
7.5750,1.022533
7.6250,0.000000
7.6750,0.398424
7.7250,0.983209
7.7750,1.358845
7.8250,0.383296
7.8750,0.567666
7.9250,0.186842
7.9750,0.184506
8.0250,0.364429
8.0750,0.719859
8.1250,1.777567
8.1750,2.985013
8.2250,2.428449
8.2750,1.028225
8.3250,0.338637
8.3750,1.003817
8.4250,0.330646
8.4750,0.490134
8.5250,1.453204
8.5750,0.319179
8.6250,1.577446
8.6750,1.559315
8.7250,2.003943
8.7750,0.609591
8.8250,2.712164
8.8750,0.595931
8.9250,0.883909
8.9750,0.291363
9.0250,1.872931
9.0750,0.712442
9.1250,0.563725
9.1750,1.115195
9.2250,0.413677
9.2750,1.091277
9.3250,0.404852
9.3750,1.068120
9.4250,0.924715
9.4750,0.522847
9.5250,0.905401
9.5750,0.767974
9.6250,0.760016
9.6750,1.504361
9.7250,0.496311
9.7750,0.245623
9.8250,1.701907
9.8750,1.203368
9.9250,1.548657
9.9750,1.415234
