"# RDF computed from DFT-relaxed primitive cell (data/datasets/ni_al_combined227_dft.extxyz, config_id=Al3Ni5_relaxed), total (all-species) g(r), rmax=10.0 A, dr=0.05 A, ASE neighbor_list (PBC-correct regardless of cutoff vs cell size)"
r_angstrom,g_r
0.0250,0.000000
0.0750,0.000000
0.1250,0.000000
0.1750,0.000000
0.2250,0.000000
0.2750,0.000000
0.3250,0.000000
0.3750,0.000000
0.4250,0.000000
0.4750,0.000000
0.5250,0.000000
0.5750,0.000000
0.6250,0.000000
0.6750,0.000000
0.7250,0.000000
0.7750,0.000000
0.8250,0.000000
0.8750,0.000000
0.9250,0.000000
0.9750,0.000000
1.0250,0.000000
1.0750,0.000000
1.1250,0.000000
1.1750,0.000000
1.2250,0.000000
1.2750,0.000000
1.3250,0.000000
1.3750,0.000000
1.4250,0.000000
1.4750,0.000000
1.5250,0.000000
1.5750,0.000000
1.6250,0.000000
1.6750,0.000000
1.7250,0.000000
1.7750,0.000000
1.8250,0.000000
1.8750,0.000000
1.9250,0.000000
1.9750,0.000000
2.0250,0.000000
2.0750,0.000000
2.1250,0.000000
2.1750,0.000000
2.2250,0.000000
2.2750,0.000000
2.3250,0.000000
2.3750,0.000000
2.4250,3.176607
2.4750,3.049556
2.5250,14.649887
2.5750,2.817297
2.6250,2.710993
2.6750,5.221190
2.7250,0.000000
2.7750,0.000000
2.8250,2.340724
2.8750,0.000000
2.9250,0.000000
2.9750,0.527659
3.0250,0.000000
3.0750,0.000000
3.1250,0.000000
3.1750,0.000000
3.2250,0.000000
3.2750,0.435416
3.3250,1.689677
3.3750,0.819992
3.4250,0.000000
3.4750,0.000000
3.5250,0.000000
3.5750,0.000000
3.6250,0.000000
3.6750,0.345790
3.7250,1.346277
3.7750,3.277126
3.8250,0.000000
3.8750,0.000000
3.9250,0.000000
3.9750,0.000000
4.0250,0.000000
4.0750,0.000000
4.1250,2.195680
4.1750,2.411330
4.2250,0.000000
4.2750,0.000000
4.3250,1.997307
4.3750,1.951915
4.4250,3.816106
4.4750,0.000000
4.5250,5.473954
4.5750,3.569972
4.6250,0.000000
4.6750,1.709440
4.7250,0.000000
4.7750,0.000000
4.8250,0.401201
4.8750,0.000000
4.9250,0.000000
4.9750,0.000000
5.0250,5.548507
5.0750,0.000000
5.1250,0.711212
5.1750,0.697536
5.2250,0.000000
5.2750,0.335670
5.3250,3.293956
5.3750,1.293183
5.4250,0.000000
5.4750,0.000000
5.5250,0.611959
5.5750,1.202063
5.6250,0.295197
5.6750,0.000000
5.7250,0.569949
5.7750,0.000000
5.8250,0.550548
5.8750,2.706084
5.9250,2.660605
5.9750,0.000000
6.0250,0.514604
6.0750,0.000000
6.1250,0.995875
6.1750,0.000000
6.2250,0.000000
6.2750,3.795330
6.3250,0.933891
6.3750,0.919299
6.4250,0.905046
6.4750,0.000000
6.5250,1.755036
6.5750,0.000000
6.6250,0.851227
6.6750,2.515566
6.7250,3.304399
6.7750,0.813951
6.8250,0.000000
6.8750,2.371335
6.9250,1.558144
6.9750,2.303827
7.0250,1.514099
7.0750,0.746387
7.1250,0.735948
7.1750,0.725727
7.2250,0.715717
7.2750,0.000000
7.3250,0.870386
7.3750,0.000000
7.4250,0.508259
7.4750,1.002965
7.5250,1.979362
7.5750,0.325553
7.6250,0.000000
7.6750,2.854124
7.7250,0.000000
7.7750,0.154510
7.8250,0.305083
7.8750,0.753054
7.9250,2.379460
7.9750,1.321716
8.0250,0.000000
8.0750,0.859455
8.1250,0.282970
8.1750,0.559038
8.2250,0.966459
8.2750,0.272804
8.3250,1.482454
8.3750,1.997463
8.4250,2.105413
8.4750,1.040322
8.5250,2.056308
8.5750,1.651323
8.6250,0.376669
8.6750,0.744679
8.7250,0.490779
8.7750,1.455607
8.8250,0.719580
8.8750,0.711495
8.9250,0.000000
8.9750,0.463819
9.0250,3.210855
9.0750,2.268265
9.1250,0.224348
9.1750,0.443818
9.2250,1.756080
9.2750,0.434299
9.3250,1.718618
9.3750,1.487793
9.4250,0.420586
9.4750,1.664633
9.5250,2.059003
9.5750,1.018778
9.6250,0.201644
9.6750,1.047718
9.7250,0.197519
9.7750,0.195503
9.8250,0.000000
9.8750,0.383127
9.9250,0.189638
9.9750,0.000000
