"# Partial RDF g_NiNi(r), phase=Al3Ni, state=300K_md, natoms=128 (Al=96, Ni=32), source=supercell (128 atoms, Stage D-3 trajectory final frame), rmax=10.0, dr=0.05"
r_angstrom,g_r
0.0250,0.000000
0.0750,0.000000
0.1250,0.000000
0.1750,0.000000
0.2250,0.000000
0.2750,0.000000
0.3250,0.000000
0.3750,0.000000
0.4250,0.000000
0.4750,0.000000
0.5250,0.000000
0.5750,0.000000
0.6250,0.000000
0.6750,0.000000
0.7250,0.000000
0.7750,0.000000
0.8250,0.000000
0.8750,0.000000
0.9250,0.000000
0.9750,0.000000
1.0250,0.000000
1.0750,0.000000
1.1250,0.000000
1.1750,0.000000
1.2250,0.000000
1.2750,0.000000
1.3250,0.000000
1.3750,0.000000
1.4250,0.000000
1.4750,0.000000
1.5250,0.000000
1.5750,0.000000
1.6250,0.000000
1.6750,0.000000
1.7250,0.000000
1.7750,0.000000
1.8250,0.000000
1.8750,0.000000
1.9250,0.000000
1.9750,0.000000
2.0250,0.000000
2.0750,0.000000
2.1250,0.000000
2.1750,0.000000
2.2250,0.000000
2.2750,0.000000
2.3250,0.000000
2.3750,0.000000
2.4250,0.000000
2.4750,0.000000
2.5250,0.000000
2.5750,0.000000
2.6250,0.000000
2.6750,0.000000
2.7250,0.000000
2.7750,0.000000
2.8250,0.000000
2.8750,0.000000
2.9250,0.000000
2.9750,0.000000
3.0250,0.000000
3.0750,0.000000
3.1250,0.000000
3.1750,0.000000
3.2250,0.000000
3.2750,0.000000
3.3250,0.000000
3.3750,0.000000
3.4250,0.000000
3.4750,0.000000
3.5250,0.474969
3.5750,0.000000
3.6250,0.000000
3.6750,1.310962
3.7250,5.104019
3.7750,1.242427
3.8250,1.210158
3.8750,1.572172
3.9250,1.532372
3.9750,0.373516
4.0250,1.821469
4.0750,2.843271
4.1250,1.387381
4.1750,3.047285
4.2250,1.322483
4.2750,0.968797
4.3250,1.577543
4.3750,2.158368
4.4250,0.904229
4.4750,2.357694
4.5250,2.594113
4.5750,2.255752
4.6250,3.862675
4.6750,4.050527
4.7250,2.907854
4.7750,3.882648
4.8250,2.535064
4.8750,3.476661
4.9250,0.729949
4.9750,0.715350
5.0250,0.467457
5.0750,0.000000
5.1250,0.000000
5.1750,0.000000
5.2250,0.216178
5.2750,0.000000
5.3250,0.000000
5.3750,0.000000
5.4250,0.000000
5.4750,0.000000
5.5250,0.000000
5.5750,0.000000
5.6250,0.000000
5.6750,0.000000
5.7250,0.180066
5.7750,0.530885
5.8250,0.695748
5.8750,0.512967
5.9250,1.513036
5.9750,0.991880
6.0250,1.300647
6.0750,0.639663
6.1250,0.943893
6.1750,0.928669
6.2250,1.523017
6.2750,0.599537
6.3250,0.000000
6.3750,0.000000
6.4250,0.571870
6.4750,0.844608
6.5250,1.108951
6.5750,1.774743
6.6250,2.151453
6.6750,1.192130
6.7250,2.740427
6.7750,3.343015
6.8250,1.647106
6.8750,0.998914
6.9250,0.246135
6.9750,0.000000
7.0250,0.239178
7.0750,0.000000
7.1250,0.000000
7.1750,0.114641
7.2250,0.226119
7.2750,0.557555
7.3250,0.989944
7.3750,0.542537
7.4250,2.141020
7.4750,2.006849
7.5250,1.563370
7.5750,1.234240
7.6250,0.507544
7.6750,0.300572
7.7250,0.000000
7.7750,0.000000
7.8250,0.000000
7.8750,0.095166
7.9250,0.093969
7.9750,0.371178
8.0250,1.191343
8.0750,0.905104
8.1250,0.983398
8.1750,3.002527
8.2250,2.180980
8.2750,3.619902
8.3250,2.810147
8.3750,2.187698
8.4250,1.995515
8.4750,1.232524
8.5250,1.055694
8.5750,0.963156
8.6250,1.110691
8.6750,1.176348
8.7250,1.395485
8.7750,0.766460
8.8250,1.364039
8.8750,1.273784
8.9250,0.592730
8.9750,1.245557
9.0250,0.652126
9.0750,0.931609
9.1250,0.567032
9.1750,0.701086
9.2250,0.554806
9.2750,0.891865
9.3250,1.561039
9.3750,0.805791
9.4250,0.398632
9.4750,0.591654
9.5250,0.975764
9.5750,0.772480
9.6250,0.764475
9.6750,2.395881
9.7250,0.561626
9.7750,0.185298
9.8250,0.366834
9.8750,0.907822
9.9250,1.557743
9.9750,1.660794
