"# Partial RDF g_NiNi(r), phase=Al3Ni5, state=300K_md, natoms=144 (Al=54, Ni=90), source=supercell (144 atoms, Stage D-3 trajectory final frame), rmax=10.0, dr=0.05"
r_angstrom,g_r
0.0250,0.000000
0.0750,0.000000
0.1250,0.000000
0.1750,0.000000
0.2250,0.000000
0.2750,0.000000
0.3250,0.000000
0.3750,0.000000
0.4250,0.000000
0.4750,0.000000
0.5250,0.000000
0.5750,0.000000
0.6250,0.000000
0.6750,0.000000
0.7250,0.000000
0.7750,0.000000
0.8250,0.000000
0.8750,0.000000
0.9250,0.000000
0.9750,0.000000
1.0250,0.000000
1.0750,0.000000
1.1250,0.000000
1.1750,0.000000
1.2250,0.000000
1.2750,0.000000
1.3250,0.000000
1.3750,0.000000
1.4250,0.000000
1.4750,0.000000
1.5250,0.000000
1.5750,0.000000
1.6250,0.000000
1.6750,0.000000
1.7250,0.000000
1.7750,0.000000
1.8250,0.000000
1.8750,0.000000
1.9250,0.000000
1.9750,0.000000
2.0250,0.000000
2.0750,0.000000
2.1250,0.000000
2.1750,0.000000
2.2250,0.000000
2.2750,0.000000
2.3250,0.000000
2.3750,0.599650
2.4250,1.380426
2.4750,1.656518
2.5250,4.350272
2.5750,2.856662
2.6250,5.006877
2.6750,4.537838
2.7250,3.097428
2.7750,2.371882
2.8250,1.356246
2.8750,1.063954
2.9250,0.632548
2.9750,0.305732
3.0250,0.147855
3.0750,0.214628
3.1250,0.346358
3.1750,0.335535
3.2250,0.065042
3.2750,0.315357
3.3250,0.305944
3.3750,0.415725
3.4250,0.230672
3.4750,0.280102
3.5250,0.217770
3.5750,0.264651
3.6250,0.257400
3.6750,0.651154
3.7250,1.023816
3.7750,1.424107
3.8250,1.757017
3.8750,1.666916
3.9250,0.658669
3.9750,0.770644
4.0250,1.085668
4.0750,1.018451
4.1250,1.192693
4.1750,0.931437
4.2250,1.136902
4.2750,0.740309
4.3250,1.157266
4.3750,1.873161
4.4250,2.038360
4.4750,2.432214
4.5250,1.982300
4.5750,1.357446
4.6250,1.423129
4.6750,0.835711
4.7250,0.757516
4.7750,0.385702
4.8250,0.435865
4.8750,0.626223
4.9250,0.864579
4.9750,1.284597
5.0250,2.009299
5.0750,1.628452
5.1250,1.545322
5.1750,1.010403
5.2250,0.693810
5.2750,1.191260
5.3250,0.954281
5.3750,0.842948
5.4250,0.804496
5.4750,0.406218
5.5250,0.509705
5.5750,0.152357
5.6250,0.149661
5.6750,0.147035
5.7250,0.103199
5.7750,0.101419
5.8250,0.338932
5.8750,0.725173
5.9250,1.117652
5.9750,1.099025
6.0250,1.360392
6.0750,1.429741
6.1250,1.099950
6.1750,0.975763
6.2250,1.029980
6.2750,1.357235
6.3250,1.504958
6.3750,1.181825
6.4250,0.934080
6.4750,0.968115
6.5250,1.159891
6.5750,1.017132
6.6250,1.217617
6.6750,1.169078
6.7250,1.211590
6.7750,1.459056
6.8250,1.582984
6.8750,1.860601
6.9250,2.017213
6.9750,1.585155
7.0250,1.658625
7.0750,1.459574
7.1250,0.852836
7.1750,0.617603
7.2250,0.842351
7.2750,0.600741
7.3250,0.579960
7.3750,0.509935
7.4250,0.638066
7.4750,0.799055
7.5250,0.967670
7.5750,1.214304
7.6250,0.814467
7.6750,0.964668
7.7250,0.532790
7.7750,0.324528
7.8250,0.298298
7.8750,0.425421
7.9250,0.581635
7.9750,0.712638
8.0250,0.756306
8.0750,0.840341
8.1250,1.106706
8.1750,1.022354
8.2250,0.789970
8.2750,0.740936
8.3250,1.015127
8.3750,1.109133
8.4250,1.362861
8.4750,1.619960
8.5250,1.554473
8.5750,1.287998
8.6250,1.609572
8.6750,1.366344
8.7250,1.332956
8.7750,1.106959
8.8250,0.955473
8.8750,0.824499
8.9250,1.053078
8.9750,1.083368
9.0250,1.345476
9.0750,1.568901
9.1250,1.600501
9.1750,1.663465
9.2250,1.359311
9.2750,1.234603
9.3250,0.630148
9.3750,0.507992
9.4250,0.472155
9.4750,0.376762
9.5250,0.365360
9.5750,0.435341
9.6250,0.657198
9.6750,0.751600
9.7250,0.929864
9.7750,0.934535
9.8250,0.679770
9.8750,0.527223
9.9250,0.645539
9.9750,0.584693
