"# Partial RDF g_AlNi(r), phase=Al3Ni, state=300K_md, natoms=128 (Al=96, Ni=32), source=supercell (128 atoms, Stage D-3 trajectory final frame), rmax=10.0, dr=0.05"
r_angstrom,g_r
0.0250,0.000000
0.0750,0.000000
0.1250,0.000000
0.1750,0.000000
0.2250,0.000000
0.2750,0.000000
0.3250,0.000000
0.3750,0.000000
0.4250,0.000000
0.4750,0.000000
0.5250,0.000000
0.5750,0.000000
0.6250,0.000000
0.6750,0.000000
0.7250,0.000000
0.7750,0.000000
0.8250,0.000000
0.8750,0.000000
0.9250,0.000000
0.9750,0.000000
1.0250,0.000000
1.0750,0.000000
1.1250,0.000000
1.1750,0.000000
1.2250,0.000000
1.2750,0.000000
1.3250,0.000000
1.3750,0.000000
1.4250,0.000000
1.4750,0.000000
1.5250,0.000000
1.5750,0.000000
1.6250,0.000000
1.6750,0.000000
1.7250,0.000000
1.7750,0.000000
1.8250,0.000000
1.8750,0.000000
1.9250,0.000000
1.9750,0.000000
2.0250,0.000000
2.0750,0.000000
2.1250,0.000000
2.1750,0.000000
2.2250,0.000000
2.2750,0.380101
2.3250,1.819644
2.3750,5.405885
2.4250,10.035987
2.4750,10.276894
2.5250,7.559718
2.5750,4.302054
2.6250,1.712990
2.6750,1.787015
2.7250,1.192180
2.7750,0.383202
2.8250,0.369757
2.8750,0.119003
2.9250,0.114969
2.9750,0.000000
3.0250,0.107493
3.0750,0.000000
3.1250,0.000000
3.1750,0.000000
3.2250,0.000000
3.2750,0.000000
3.3250,0.000000
3.3750,0.000000
3.4250,0.000000
3.4750,0.000000
3.5250,0.000000
3.5750,0.076963
3.6250,0.000000
3.6750,0.000000
3.7250,0.354446
3.7750,0.483166
3.8250,1.075696
3.8750,0.262029
3.9250,0.766186
3.9750,0.684779
4.0250,0.425009
4.0750,0.533113
4.1250,1.156151
4.1750,1.467211
4.2250,1.212276
4.2750,1.399373
4.3250,1.840467
4.3750,1.901419
4.4250,1.205638
4.4750,1.620915
4.5250,1.393135
4.5750,1.597824
4.6250,1.839369
4.6750,1.305170
4.7250,1.277693
4.7750,1.768762
4.8250,1.563289
4.8750,1.696942
4.9250,1.541003
4.9750,1.470442
5.0250,1.519234
5.0750,1.413064
5.1250,1.160931
5.1750,0.477480
5.2250,0.648533
5.2750,0.565597
5.3250,0.381580
5.3750,0.272374
5.4250,0.467908
5.4750,0.557844
5.5250,0.741132
5.5750,0.727898
5.6250,0.746102
5.6750,0.702471
5.7250,0.750276
5.7750,0.678354
5.8250,0.782716
5.8750,0.512967
5.9250,0.476326
5.9750,0.330627
6.0250,0.433549
6.0750,0.559705
6.1250,0.786577
6.1750,0.748094
6.2250,1.269181
6.2750,1.373939
6.3250,1.671938
6.3750,1.791033
6.4250,1.858577
6.4750,1.970752
6.5250,1.501705
6.5750,1.865755
6.6250,1.748055
6.6750,1.479124
6.7250,1.022223
6.7750,0.921472
6.8250,0.739086
6.8750,0.832428
6.9250,0.840962
6.9750,0.950258
7.0250,0.757396
7.0750,0.864634
7.1250,0.891293
7.1750,0.993555
7.2250,1.036381
7.2750,0.669066
7.3250,0.623298
7.3750,0.795721
7.4250,0.731515
7.4750,0.651346
7.5250,0.868539
7.5750,0.925680
7.6250,0.998170
7.6750,1.269080
7.7250,1.137325
7.7750,1.236645
7.8250,1.220892
7.8750,1.522658
7.9250,0.971014
7.9750,0.757822
8.0250,0.916418
8.0750,0.965444
8.1250,1.072798
8.1750,0.986124
8.2250,0.857852
8.2750,1.106081
8.3250,0.752211
8.3750,0.603019
8.4250,0.637456
8.4750,0.643651
8.5250,1.001556
8.5750,1.096927
8.6250,1.163581
8.6750,1.372406
8.7250,1.524697
8.7750,1.277433
8.8250,1.124069
8.8750,1.173879
8.9250,0.889095
8.9750,0.805949
9.0250,1.086877
9.0750,1.039102
9.1250,1.110438
9.1750,0.923097
9.2250,0.994027
9.2750,0.697484
9.3250,0.723960
9.3750,0.671492
9.4250,0.675460
9.4750,0.734089
9.5250,0.715560
9.5750,0.836853
9.6250,1.199801
9.6750,0.924726
9.7250,1.123251
9.7750,0.936786
9.8250,0.896706
9.8750,0.786779
9.9250,0.758901
9.9750,0.879825
