"# Partial RDF g_AlAl(r), phase=Al3Ni, state=300K_md, natoms=128 (Al=96, Ni=32), source=supercell (128 atoms, Stage D-3 trajectory final frame), rmax=10.0, dr=0.05"
r_angstrom,g_r
0.0250,0.000000
0.0750,0.000000
0.1250,0.000000
0.1750,0.000000
0.2250,0.000000
0.2750,0.000000
0.3250,0.000000
0.3750,0.000000
0.4250,0.000000
0.4750,0.000000
0.5250,0.000000
0.5750,0.000000
0.6250,0.000000
0.6750,0.000000
0.7250,0.000000
0.7750,0.000000
0.8250,0.000000
0.8750,0.000000
0.9250,0.000000
0.9750,0.000000
1.0250,0.000000
1.0750,0.000000
1.1250,0.000000
1.1750,0.000000
1.2250,0.000000
1.2750,0.000000
1.3250,0.000000
1.3750,0.000000
1.4250,0.000000
1.4750,0.000000
1.5250,0.000000
1.5750,0.000000
1.6250,0.000000
1.6750,0.000000
1.7250,0.000000
1.7750,0.000000
1.8250,0.000000
1.8750,0.000000
1.9250,0.000000
1.9750,0.000000
2.0250,0.000000
2.0750,0.000000
2.1250,0.000000
2.1750,0.000000
2.2250,0.000000
2.2750,0.000000
2.3250,0.000000
2.3750,0.000000
2.4250,0.000000
2.4750,0.000000
2.5250,0.102853
2.5750,0.197796
2.6250,0.761329
2.6750,1.649552
2.7250,4.150552
2.7750,4.172642
2.8250,5.505274
2.8750,3.728749
2.9250,2.989193
2.9750,2.000465
3.0250,1.863218
3.0750,1.803118
3.1250,1.074388
3.1750,1.235968
3.2250,1.260990
3.2750,1.100502
3.3250,1.186281
3.3750,0.633266
3.4250,0.950318
3.4750,0.597343
3.5250,0.738841
3.5750,0.513085
3.6250,0.648737
3.6750,0.436987
3.7250,0.567113
3.7750,0.322111
3.8250,0.403386
3.8750,0.262029
3.9250,0.170264
3.9750,0.124505
4.0250,0.040477
4.0750,0.157960
4.1250,0.192692
4.1750,0.225725
4.2250,0.404092
4.2750,0.609983
4.3250,1.016639
4.3750,0.925015
4.4250,1.406578
4.4750,1.801016
4.5250,2.145748
4.5750,2.694370
4.6250,2.667085
4.6750,2.160281
4.7250,1.644847
4.7750,0.719009
4.8250,1.183030
4.8750,1.076109
4.9250,0.973265
4.9750,0.768339
5.0250,0.519396
5.0750,0.560134
5.1250,0.324561
5.1750,0.171403
5.2250,0.048039
5.2750,0.094266
5.3250,0.300639
5.3750,0.794424
5.4250,0.958098
5.4750,1.203194
5.5250,2.019316
5.5750,1.730076
5.6250,1.803081
5.6750,1.649280
5.7250,1.260464
5.7750,0.983121
5.8250,0.889011
5.8750,1.272917
5.9250,0.915294
5.9750,0.991880
6.0250,1.065808
6.0750,1.048336
6.1250,0.611782
6.1750,0.687903
6.2250,0.558440
6.2750,0.532922
6.3250,0.524530
6.3750,0.693824
6.4250,1.000772
6.4750,1.079222
6.5250,1.262972
6.5750,1.350018
6.6250,1.479124
6.6750,1.707248
6.7250,1.580458
6.7750,1.642935
6.8250,0.971370
6.8750,0.596574
6.9250,0.752080
6.9750,0.579590
7.0250,0.757396
7.0750,0.995639
7.1250,1.007548
7.1750,1.082720
7.2250,1.118035
7.2750,1.040769
7.3250,0.989944
7.3750,1.217695
7.4250,1.058615
7.4750,1.161860
7.5250,1.146471
7.5750,1.119958
7.6250,0.812071
7.6750,0.701334
7.7250,0.505478
7.7750,0.357976
7.8250,0.214192
7.8750,0.222054
7.9250,0.334112
7.9750,0.463972
8.0250,0.804411
8.0750,1.327486
8.1250,1.648931
8.1750,1.913375
8.2250,1.696318
8.2750,1.369434
8.3250,1.069180
8.3750,1.056452
8.4250,0.868419
8.4750,0.730385
8.5250,0.812072
8.5750,0.954238
8.6250,1.137136
8.6750,1.263485
8.7250,1.438556
8.7750,1.439241
8.8250,1.439818
8.8750,1.340387
8.9250,1.259552
8.9750,1.180430
9.0250,0.950011
9.0750,0.899759
9.1250,0.811171
9.1750,0.732246
9.2250,0.701213
9.2750,0.769900
9.3250,1.040693
9.3750,1.126615
9.4250,0.885849
9.4750,0.701219
9.5250,0.787839
9.5750,0.529292
9.6250,0.764475
9.6750,1.317034
9.7250,0.762701
9.7750,0.967669
9.8250,0.964638
9.8750,1.291124
9.9250,1.384661
9.9750,1.364224
