"# Partial RDF g_AlAl(r), phase=Al3Ni5, state=300K_md, natoms=144 (Al=54, Ni=90), source=supercell (144 atoms, Stage D-3 trajectory final frame), rmax=10.0, dr=0.05"
r_angstrom,g_r
0.0250,0.000000
0.0750,0.000000
0.1250,0.000000
0.1750,0.000000
0.2250,0.000000
0.2750,0.000000
0.3250,0.000000
0.3750,0.000000
0.4250,0.000000
0.4750,0.000000
0.5250,0.000000
0.5750,0.000000
0.6250,0.000000
0.6750,0.000000
0.7250,0.000000
0.7750,0.000000
0.8250,0.000000
0.8750,0.000000
0.9250,0.000000
0.9750,0.000000
1.0250,0.000000
1.0750,0.000000
1.1250,0.000000
1.1750,0.000000
1.2250,0.000000
1.2750,0.000000
1.3250,0.000000
1.3750,0.000000
1.4250,0.000000
1.4750,0.000000
1.5250,0.000000
1.5750,0.000000
1.6250,0.000000
1.6750,0.000000
1.7250,0.000000
1.7750,0.000000
1.8250,0.000000
1.8750,0.000000
1.9250,0.000000
1.9750,0.000000
2.0250,0.000000
2.0750,0.000000
2.1250,0.000000
2.1750,0.000000
2.2250,0.000000
2.2750,0.000000
2.3250,0.000000
2.3750,0.000000
2.4250,0.000000
2.4750,0.000000
2.5250,0.000000
2.5750,0.000000
2.6250,0.000000
2.6750,0.525213
2.7250,1.771405
2.7750,2.928250
2.8250,3.060972
2.8750,3.410110
2.9250,1.757078
2.9750,2.335456
3.0250,0.616061
3.0750,0.198730
3.1250,0.384842
3.1750,0.372817
3.2250,1.445385
3.2750,1.401588
3.3250,1.699689
3.3750,1.979642
3.4250,0.640755
3.4750,0.778060
3.5250,0.151229
3.5750,0.294056
3.6250,0.429001
3.6750,0.417407
3.7250,0.541702
3.7750,0.791171
3.8250,1.541243
3.8750,1.877158
3.9250,0.731855
3.9750,1.664971
4.0250,0.927921
4.0750,2.150063
4.1250,2.871298
4.1750,4.096599
4.2250,3.158062
4.2750,1.542311
4.3250,1.305942
4.3750,0.392696
4.4250,0.000000
4.4750,0.000000
4.5250,0.000000
4.5750,0.000000
4.6250,0.000000
4.6750,0.000000
4.7250,0.000000
4.7750,0.000000
4.8250,0.242147
4.8750,0.553480
4.9250,1.704367
4.9750,2.201733
5.0250,3.869760
5.0750,2.699495
5.1250,2.146280
5.1750,1.543671
5.2250,0.688304
5.2750,0.202595
5.3250,0.066269
5.3750,0.000000
5.4250,0.063849
5.4750,0.125376
5.5250,0.123117
5.5750,0.423215
5.6250,0.534503
5.6750,0.933558
5.7250,0.630659
5.7750,0.901507
5.8250,0.719953
5.8750,0.544424
5.9250,0.535274
5.9750,0.421082
6.0250,1.035306
6.0750,0.611000
6.1250,1.101954
6.1750,1.626271
6.2250,1.551759
6.2750,2.481583
6.3250,1.784906
6.3750,1.572068
6.4250,1.911859
6.4750,0.761943
6.5250,0.485495
6.5750,0.478139
6.6250,0.214068
6.6750,0.716967
6.7250,1.163393
6.7750,0.982529
6.8250,1.250574
6.8750,1.431232
6.9250,1.684930
6.9750,2.124355
7.0250,1.561148
7.0750,1.351458
7.1250,1.258526
7.1750,1.058539
7.2250,1.007941
7.2750,0.958629
7.3250,0.980608
7.3750,0.552776
7.4250,0.783949
7.4750,0.908018
7.5250,0.796436
7.5750,0.818705
7.6250,1.195845
7.6750,1.116514
7.7250,1.322529
7.7750,0.994723
7.8250,0.828606
7.8750,0.909019
7.9250,0.747987
7.9750,0.384092
8.0250,0.408499
8.0750,0.230546
8.1250,0.284647
8.1750,0.337410
8.2250,0.583311
8.2750,0.905588
8.3250,1.192991
8.3750,0.964463
8.4250,1.085418
8.4750,0.941837
8.5250,0.904966
8.5750,1.022221
8.6250,1.136703
8.6750,1.747881
8.7250,1.999434
8.7750,2.147540
8.8250,1.954378
8.8750,1.836990
8.9250,1.085161
8.9750,1.539671
9.0250,1.061247
9.0750,1.300572
9.1250,1.444332
9.1750,1.049152
9.2250,0.839081
9.2750,0.677153
9.3250,0.475420
9.3750,0.128281
9.4250,0.317308
9.4750,0.272106
9.5250,0.289969
9.5750,0.225459
9.6250,0.243407
9.6750,0.240897
9.7250,0.476853
9.7750,0.609651
9.8250,0.681327
9.8750,0.905684
9.9250,1.354410
9.9750,1.038699
