"# Partial RDF g_AlNi(r), phase=Al3Ni2, state=0K_dft, natoms=5 (Al=3, Ni=2), source=DFT relaxed primitive cell (chemical ground truth), rmax=10.0, dr=0.05"
r_angstrom,g_r
0.0250,0.000000
0.0750,0.000000
0.1250,0.000000
0.1750,0.000000
0.2250,0.000000
0.2750,0.000000
0.3250,0.000000
0.3750,0.000000
0.4250,0.000000
0.4750,0.000000
0.5250,0.000000
0.5750,0.000000
0.6250,0.000000
0.6750,0.000000
0.7250,0.000000
0.7750,0.000000
0.8250,0.000000
0.8750,0.000000
0.9250,0.000000
0.9750,0.000000
1.0250,0.000000
1.0750,0.000000
1.1250,0.000000
1.1750,0.000000
1.2250,0.000000
1.2750,0.000000
1.3250,0.000000
1.3750,0.000000
1.4250,0.000000
1.4750,0.000000
1.5250,0.000000
1.5750,0.000000
1.6250,0.000000
1.6750,0.000000
1.7250,0.000000
1.7750,0.000000
1.8250,0.000000
1.8750,0.000000
1.9250,0.000000
1.9750,0.000000
2.0250,0.000000
2.0750,0.000000
2.1250,0.000000
2.1750,0.000000
2.2250,0.000000
2.2750,0.000000
2.3250,0.000000
2.3750,0.000000
2.4250,25.094505
2.4750,6.022707
2.5250,17.359636
2.5750,0.000000
2.6250,0.000000
2.6750,0.000000
2.7250,0.000000
2.7750,0.000000
2.8250,0.000000
2.8750,0.000000
2.9250,0.000000
2.9750,0.000000
3.0250,0.000000
3.0750,0.000000
3.1250,0.000000
3.1750,0.000000
3.2250,0.000000
3.2750,0.000000
3.3250,0.000000
3.3750,0.000000
3.4250,0.000000
3.4750,0.000000
3.5250,0.000000
3.5750,0.000000
3.6250,0.000000
3.6750,0.000000
3.7250,0.000000
3.7750,0.000000
3.8250,0.000000
3.8750,0.000000
3.9250,0.000000
3.9750,0.000000
4.0250,0.000000
4.0750,0.000000
4.1250,0.000000
4.1750,0.000000
4.2250,0.000000
4.2750,0.000000
4.3250,0.000000
4.3750,0.000000
4.4250,0.000000
4.4750,0.000000
4.5250,5.405380
4.5750,0.000000
4.6250,0.000000
4.6750,0.000000
4.7250,24.787330
4.7750,9.708377
4.8250,0.000000
4.8750,0.000000
4.9250,0.000000
4.9750,0.000000
5.0250,0.000000
5.0750,0.000000
5.1250,0.000000
5.1750,0.000000
5.2250,0.000000
5.2750,0.000000
5.3250,0.000000
5.3750,0.000000
5.4250,0.000000
5.4750,0.000000
5.5250,0.000000
5.5750,0.000000
5.6250,0.000000
5.6750,0.000000
5.7250,0.000000
5.7750,0.000000
5.8250,0.000000
5.8750,0.000000
5.9250,0.000000
5.9750,0.000000
6.0250,0.000000
6.0750,5.997922
6.1250,0.000000
6.1750,0.000000
6.2250,5.712348
6.2750,8.432516
6.3250,0.000000
6.3750,2.723347
6.4250,0.000000
6.4750,0.000000
6.5250,0.000000
6.5750,0.000000
6.6250,0.000000
6.6750,0.000000
6.7250,0.000000
6.7750,0.000000
6.8250,0.000000
6.8750,0.000000
6.9250,0.000000
6.9750,0.000000
7.0250,0.000000
7.0750,0.000000
7.1250,0.000000
7.1750,0.000000
7.2250,0.000000
7.2750,0.000000
7.3250,6.188272
7.3750,1.356588
7.4250,8.030276
7.4750,3.961603
7.5250,1.954566
7.5750,0.000000
7.6250,0.000000
7.6750,0.000000
7.7250,0.000000
7.7750,0.000000
7.8250,0.000000
7.8750,0.000000
7.9250,0.000000
7.9750,0.000000
8.0250,0.000000
8.0750,0.000000
8.1250,0.000000
8.1750,0.000000
8.2250,0.000000
8.2750,0.000000
8.3250,0.000000
8.3750,6.311807
8.4250,3.118556
8.4750,12.327470
8.5250,0.000000
8.5750,3.010406
8.6250,0.000000
8.6750,0.000000
8.7250,0.000000
8.7750,0.000000
8.8250,0.000000
8.8750,0.000000
8.9250,0.000000
8.9750,0.000000
9.0250,0.000000
9.0750,0.000000
9.1250,1.329222
9.1750,0.000000
9.2250,0.000000
9.2750,2.573153
9.3250,0.000000
9.3750,3.777827
9.4250,2.491900
9.4750,0.000000
9.5250,0.000000
9.5750,0.000000
9.6250,0.000000
9.6750,0.000000
9.7250,0.000000
9.7750,0.000000
9.8250,0.000000
9.8750,0.000000
9.9250,0.000000
9.9750,1.112340
