"# Partial RDF g_AlAl(r), phase=Al3Ni, state=0K_dft, natoms=16 (Al=12, Ni=4), source=DFT relaxed primitive cell (chemical ground truth), rmax=10.0, dr=0.05"
r_angstrom,g_r
0.0250,0.000000
0.0750,0.000000
0.1250,0.000000
0.1750,0.000000
0.2250,0.000000
0.2750,0.000000
0.3250,0.000000
0.3750,0.000000
0.4250,0.000000
0.4750,0.000000
0.5250,0.000000
0.5750,0.000000
0.6250,0.000000
0.6750,0.000000
0.7250,0.000000
0.7750,0.000000
0.8250,0.000000
0.8750,0.000000
0.9250,0.000000
0.9750,0.000000
1.0250,0.000000
1.0750,0.000000
1.1250,0.000000
1.1750,0.000000
1.2250,0.000000
1.2750,0.000000
1.3250,0.000000
1.3750,0.000000
1.4250,0.000000
1.4750,0.000000
1.5250,0.000000
1.5750,0.000000
1.6250,0.000000
1.6750,0.000000
1.7250,0.000000
1.7750,0.000000
1.8250,0.000000
1.8750,0.000000
1.9250,0.000000
1.9750,0.000000
2.0250,0.000000
2.0750,0.000000
2.1250,0.000000
2.1750,0.000000
2.2250,0.000000
2.2750,0.000000
2.3250,0.000000
2.3750,0.000000
2.4250,0.000000
2.4750,0.000000
2.5250,0.000000
2.5750,0.000000
2.6250,0.000000
2.6750,0.000000
2.7250,2.809424
2.7750,5.418191
2.8250,5.228094
2.8750,12.619570
2.9250,0.000000
2.9750,0.000000
3.0250,0.000000
3.0750,0.000000
3.1250,4.272482
3.1750,0.000000
3.2250,4.011630
3.2750,0.000000
3.3250,0.000000
3.3750,0.000000
3.4250,0.000000
3.4750,3.455180
3.5250,0.000000
3.5750,0.000000
3.6250,0.000000
3.6750,1.544670
3.7250,0.000000
3.7750,1.463917
3.8250,0.000000
3.8750,0.000000
3.9250,0.000000
3.9750,0.000000
4.0250,0.000000
4.0750,0.000000
4.1250,0.000000
4.1750,0.000000
4.2250,0.000000
4.2750,1.141506
4.3250,2.230530
4.3750,0.000000
4.4250,0.000000
4.4750,0.000000
4.5250,9.169710
4.5750,0.000000
4.6250,3.901097
4.6750,0.000000
4.7250,1.868859
4.7750,0.000000
4.8250,2.688295
4.8750,0.000000
4.9250,0.000000
4.9750,1.685754
5.0250,1.652373
5.0750,0.000000
5.1250,0.000000
5.1750,0.000000
5.2250,0.000000
5.2750,0.000000
5.3250,0.000000
5.3750,0.000000
5.4250,1.417688
5.4750,2.087869
5.5250,1.366834
5.5750,4.027279
5.6250,1.318667
5.6750,0.647767
5.7250,1.273003
5.7750,1.251055
5.8250,0.000000
5.8750,1.208828
5.9250,1.188512
5.9750,1.168704
6.0250,1.149387
6.0750,0.000000
6.1250,2.224324
6.1750,0.000000
6.2250,0.000000
6.2750,0.000000
6.3250,2.085879
6.3750,0.000000
6.4250,2.021455
6.4750,0.995178
6.5250,0.000000
6.5750,0.482568
6.6250,3.327182
6.6750,0.936435
6.7250,2.306406
6.7750,1.817991
6.8250,1.791451
6.8750,0.000000
6.9250,0.000000
6.9750,0.000000
7.0250,0.000000
7.0750,1.250313
7.1250,2.465652
7.1750,0.810469
7.2250,1.998226
7.2750,0.000000
7.3250,0.000000
7.3750,3.451984
7.4250,0.000000
7.4750,1.493440
7.5250,1.842075
7.5750,1.090702
7.6250,0.000000
7.6750,0.000000
7.7250,1.048756
7.7750,0.345104
7.8250,0.000000
7.8750,0.000000
7.9250,0.000000
7.9750,0.328011
8.0250,0.647873
8.0750,0.639875
8.1250,1.896072
8.1750,4.370215
8.2250,2.466996
8.2750,1.218637
8.3250,0.000000
8.3750,0.594854
8.4250,0.587815
8.4750,0.000000
8.5250,1.435263
8.5750,0.567430
8.6250,1.121740
8.6750,2.772115
8.7250,1.370217
8.7750,0.000000
8.8250,3.750152
8.8750,0.000000
8.9250,1.571394
8.9750,0.517978
9.0250,1.792891
9.0750,0.000000
9.1250,0.501089
9.1750,1.486926
9.2250,0.735426
9.2750,0.727518
9.3250,0.000000
9.3750,1.898881
9.4250,1.174242
9.4750,0.464753
9.5250,0.229943
9.5750,0.455096
9.6250,0.900759
9.6750,1.114342
9.7250,0.882330
9.7750,0.436663
9.8250,1.728921
9.8750,1.711457
9.9250,1.906039
9.9750,1.467650
