"# Partial RDF g_AlNi(r), phase=Al3Ni5, state=300K_md, natoms=144 (Al=54, Ni=90), source=supercell (144 atoms, Stage D-3 trajectory final frame), rmax=10.0, dr=0.05"
r_angstrom,g_r
0.0250,0.000000
0.0750,0.000000
0.1250,0.000000
0.1750,0.000000
0.2250,0.000000
0.2750,0.000000
0.3250,0.000000
0.3750,0.000000
0.4250,0.000000
0.4750,0.000000
0.5250,0.000000
0.5750,0.000000
0.6250,0.000000
0.6750,0.000000
0.7250,0.000000
0.7750,0.000000
0.8250,0.000000
0.8750,0.000000
0.9250,0.000000
0.9750,0.000000
1.0250,0.000000
1.0750,0.000000
1.1250,0.000000
1.1750,0.000000
1.2250,0.000000
1.2750,0.000000
1.3250,0.000000
1.3750,0.000000
1.4250,0.000000
1.4750,0.000000
1.5250,0.000000
1.5750,0.000000
1.6250,0.000000
1.6750,0.000000
1.7250,0.000000
1.7750,0.000000
1.8250,0.000000
1.8750,0.000000
1.9250,0.000000
1.9750,0.000000
2.0250,0.000000
2.0750,0.000000
2.1250,0.000000
2.1750,0.000000
2.2250,0.113871
2.2750,0.435684
2.3250,0.730006
2.3750,3.298077
2.4250,8.052485
2.4750,8.650706
2.5250,8.399916
2.5750,7.141656
2.6250,4.908703
2.6750,2.284676
2.7250,0.683256
2.7750,0.292825
2.8250,0.000000
2.8750,0.000000
2.9250,0.000000
2.9750,0.063694
3.0250,0.061606
3.0750,0.178857
3.1250,0.057726
3.1750,0.167768
3.2250,0.162606
3.2750,0.315357
3.3250,0.305944
3.3750,0.247455
3.4250,0.144170
3.4750,0.093367
3.5250,0.045369
3.5750,0.176434
3.6250,0.085800
3.6750,0.208703
3.7250,0.243766
3.7750,0.079117
3.8250,0.154124
3.8750,0.150173
3.9250,0.182964
3.9750,0.107034
4.0250,0.069594
4.0750,0.000000
4.1250,0.132521
4.1750,0.420440
4.2250,0.473709
4.2750,1.110464
4.3250,1.567131
4.3750,2.385630
4.4250,2.188070
4.4750,2.252050
4.5250,2.698131
4.5750,3.285880
4.6250,3.689595
4.6750,2.966257
4.7250,1.767537
4.7750,1.285674
4.8250,0.653797
4.8750,0.450691
4.9250,0.581034
4.9750,0.865509
5.0250,0.558139
5.0750,0.722297
5.1250,0.944363
5.1750,0.715702
5.2250,1.032456
5.2750,0.891419
5.3250,0.914519
5.3750,1.014660
5.4250,0.861960
5.4750,0.996740
5.5250,0.757170
5.5750,0.652960
5.6250,0.677037
5.6750,0.420101
5.7250,0.326796
5.7750,0.219742
5.8250,0.564886
5.8750,0.865634
5.9250,1.027726
5.9750,1.089551
6.0250,1.164719
6.0750,0.931776
6.1250,0.661172
6.1750,0.709645
6.2250,0.901960
6.2750,1.245564
6.3250,1.240040
6.3750,1.359377
6.4250,1.270021
6.4750,1.223590
6.5250,1.019539
6.5750,1.030172
6.6250,1.245874
6.6750,1.315846
6.7250,1.246492
6.7750,1.191317
6.8250,1.161823
6.8750,1.204620
6.9250,1.375373
6.9750,1.297788
7.0250,1.347918
7.0750,1.419031
7.1250,1.066045
7.1750,1.193595
7.2250,1.036740
7.2750,0.628435
7.3250,0.609378
7.3750,0.570050
7.4250,0.501046
7.4750,0.675969
7.5250,1.095100
7.5750,0.756484
7.6250,0.785379
7.6750,0.746469
7.7250,0.510118
7.7750,0.512904
7.8250,0.460337
7.8750,0.472690
7.9250,0.646261
7.9750,0.842047
8.0250,0.927876
8.0750,1.184431
8.1250,1.152819
8.1750,1.391818
8.2250,1.124957
8.2750,1.169032
8.3250,1.789486
8.3750,1.727997
8.4250,1.842563
8.4750,1.632518
8.5250,1.690993
8.5750,1.441331
8.6250,0.947253
8.6750,0.674183
8.7250,0.503561
8.7750,0.270883
8.8250,0.231630
8.8750,0.314913
8.9250,0.460014
8.9750,0.713847
9.0250,0.816698
9.0750,1.197895
9.1250,1.245737
9.1750,1.252286
9.2250,1.258621
9.2750,1.310618
9.3250,1.400329
9.3750,1.494471
9.4250,1.351733
9.4750,1.437974
9.5250,1.180586
9.5750,1.248224
9.6250,1.253545
9.6750,1.138240
9.7250,1.120606
9.7750,1.050172
9.8250,0.951912
9.8750,0.583877
9.9250,0.646683
9.9750,0.470247
