"# Partial RDF g_AlAl(r), phase=AlNi, state=300K_md, natoms=128 (Al=64, Ni=64), source=supercell (128 atoms, Stage D-2), rmax=10.0, dr=0.05"
r_angstrom,g_r
0.0250,0.000000
0.0750,0.000000
0.1250,0.000000
0.1750,0.000000
0.2250,0.000000
0.2750,0.000000
0.3250,0.000000
0.3750,0.000000
0.4250,0.000000
0.4750,0.000000
0.5250,0.000000
0.5750,0.000000
0.6250,0.000000
0.6750,0.000000
0.7250,0.000000
0.7750,0.000000
0.8250,0.000000
0.8750,0.000000
0.9250,0.000000
0.9750,0.000000
1.0250,0.000000
1.0750,0.000000
1.1250,0.000000
1.1750,0.000000
1.2250,0.000000
1.2750,0.000000
1.3250,0.000000
1.3750,0.000000
1.4250,0.000000
1.4750,0.000000
1.5250,0.000000
1.5750,0.000000
1.6250,0.000000
1.6750,0.000000
1.7250,0.000000
1.7750,0.000000
1.8250,0.000000
1.8750,0.000000
1.9250,0.000000
1.9750,0.000000
2.0250,0.000000
2.0750,0.000000
2.1250,0.000000
2.1750,0.000000
2.2250,0.000000
2.2750,0.000000
2.3250,0.000000
2.3750,0.000000
2.4250,0.000000
2.4750,0.000000
2.5250,0.000000
2.5750,0.000000
2.6250,0.000000
2.6750,0.170139
2.7250,0.655812
2.7750,2.371472
2.8250,5.034191
2.8750,6.038941
2.9250,5.691948
2.9750,4.539339
3.0250,1.729598
3.0750,1.416299
3.1250,0.124667
3.1750,0.000000
3.2250,0.000000
3.2750,0.000000
3.3250,0.000000
3.3750,0.000000
3.4250,0.000000
3.4750,0.000000
3.5250,0.000000
3.5750,0.000000
3.6250,0.000000
3.6750,0.000000
3.7250,0.000000
3.7750,0.000000
3.8250,0.000000
3.8750,0.243237
3.9250,0.632213
3.9750,2.542684
4.0250,4.058024
4.0750,5.718630
4.1250,6.654075
4.1750,4.190742
4.2250,2.182475
4.2750,1.065861
4.3250,0.390510
4.3750,0.063606
4.4250,0.000000
4.4750,0.000000
4.5250,0.000000
4.5750,0.000000
4.6250,0.000000
4.6750,0.000000
4.7250,0.000000
4.7750,0.000000
4.8250,0.104589
4.8750,0.409820
4.9250,1.455587
4.9750,2.459441
5.0250,3.278608
5.0750,2.268934
5.1250,1.297845
5.1750,0.772824
5.2250,0.267566
5.2750,0.000000
5.3250,0.000000
5.3750,0.000000
5.4250,0.000000
5.4750,0.000000
5.5250,0.000000
5.5750,0.078342
5.6250,0.346298
5.6750,0.680446
5.7250,1.077208
5.7750,1.131645
5.8250,1.255824
5.8750,1.093449
5.9250,0.762954
5.9750,0.409221
6.0250,0.100614
6.0750,0.000000
6.1250,0.000000
6.1750,0.000000
6.2250,0.000000
6.2750,0.340109
6.3250,0.821666
6.3750,2.516353
6.4250,3.391597
6.4750,5.372109
6.5250,4.060504
6.5750,3.097803
6.6250,1.692040
6.6750,0.683109
6.7250,0.161517
6.7750,0.053047
6.8250,0.026136
6.8750,0.128789
6.9250,0.406194
6.9750,1.551515
7.0250,2.787651
7.0750,3.599660
7.1250,3.525334
7.1750,3.287181
7.2250,1.889131
7.2750,1.081146
7.3250,0.181521
7.3750,0.022384
7.4250,0.000000
7.4750,0.000000
7.5250,0.000000
7.5750,0.000000
7.6250,0.000000
7.6750,0.000000
7.7250,0.000000
7.7750,0.000000
7.8250,0.000000
7.8750,0.000000
7.9250,0.000000
7.9750,0.076569
8.0250,0.170139
8.0750,0.410762
8.1250,1.198724
8.1750,1.329842
8.2250,1.187749
8.2750,1.440130
8.3250,0.737791
8.3750,0.243003
8.4250,0.120063
8.4750,0.135601
8.5250,0.603068
8.5750,1.125883
8.6250,2.160272
8.6750,2.911965
8.7250,3.358467
8.7750,2.577187
8.8250,1.563231
8.8750,0.711007
8.9250,0.244544
8.9750,0.241826
9.0250,0.612833
9.0750,1.315677
9.1250,2.032365
9.1750,2.415222
9.2250,1.845481
9.2750,1.570897
9.3250,0.672042
9.3750,0.374002
9.4250,0.301518
9.4750,0.556004
9.5250,1.261393
9.5750,1.726309
9.6250,2.115812
9.6750,1.989950
9.7250,1.068443
9.7750,0.739005
9.8250,0.353139
9.8750,0.124847
9.9250,0.234825
9.9750,0.440483
