"# Partial RDF g_NiNi(r), phase=AlNi, state=300K_md, natoms=128 (Al=64, Ni=64), source=supercell (128 atoms, Stage D-2), rmax=10.0, dr=0.05"
r_angstrom,g_r
0.0250,0.000000
0.0750,0.000000
0.1250,0.000000
0.1750,0.000000
0.2250,0.000000
0.2750,0.000000
0.3250,0.000000
0.3750,0.000000
0.4250,0.000000
0.4750,0.000000
0.5250,0.000000
0.5750,0.000000
0.6250,0.000000
0.6750,0.000000
0.7250,0.000000
0.7750,0.000000
0.8250,0.000000
0.8750,0.000000
0.9250,0.000000
0.9750,0.000000
1.0250,0.000000
1.0750,0.000000
1.1250,0.000000
1.1750,0.000000
1.2250,0.000000
1.2750,0.000000
1.3250,0.000000
1.3750,0.000000
1.4250,0.000000
1.4750,0.000000
1.5250,0.000000
1.5750,0.000000
1.6250,0.000000
1.6750,0.000000
1.7250,0.000000
1.7750,0.000000
1.8250,0.000000
1.8750,0.000000
1.9250,0.000000
1.9750,0.000000
2.0250,0.000000
2.0750,0.000000
2.1250,0.000000
2.1750,0.000000
2.2250,0.000000
2.2750,0.000000
2.3250,0.000000
2.3750,0.000000
2.4250,0.000000
2.4750,0.000000
2.5250,0.000000
2.5750,0.000000
2.6250,0.706731
2.6750,0.510418
2.7250,0.819766
2.7750,2.845766
2.8250,4.729089
2.8750,4.418738
2.9250,4.411260
2.9750,4.264228
3.0250,2.660920
3.0750,1.673808
3.1250,0.374002
3.1750,0.241543
3.2250,0.117056
3.2750,0.000000
3.3250,0.000000
3.3750,0.000000
3.4250,0.000000
3.4750,0.000000
3.5250,0.000000
3.5750,0.000000
3.6250,0.000000
3.6750,0.000000
3.7250,0.000000
3.7750,0.000000
3.8250,0.000000
3.8750,0.972950
3.9250,1.264426
3.9750,2.465633
4.0250,3.982876
4.0750,4.838841
4.1250,4.936894
4.1750,3.492285
4.2250,3.341914
4.2750,1.732023
4.3250,0.585764
4.3750,0.063606
4.4250,0.000000
4.4750,0.060795
4.5250,0.000000
4.5750,0.000000
4.6250,0.000000
4.6750,0.000000
4.7250,0.000000
4.7750,0.213583
4.8250,0.366063
4.8750,0.973323
4.9250,1.756743
4.9750,1.770798
5.0250,1.928593
5.0750,1.938048
5.1250,1.715010
5.1750,0.818285
5.2250,0.624321
5.2750,0.218765
5.3250,0.000000
5.3750,0.000000
5.4250,0.000000
5.4750,0.040615
5.5250,0.119649
5.5750,0.274196
5.6250,0.461731
5.6750,0.604841
5.7250,0.891483
5.7750,1.058636
5.8250,0.861137
5.8750,1.058177
5.9250,0.624235
5.9750,0.443323
6.0250,0.301843
6.0750,0.164942
6.1250,0.032452
6.1750,0.127714
6.2250,0.157088
6.2750,0.649299
6.3250,1.460740
6.3750,2.516353
6.4250,2.978707
6.4750,3.542688
6.5250,4.232075
6.5750,2.844347
6.6250,2.219069
6.6750,0.929028
6.7250,0.296115
6.7750,0.265237
6.8250,0.130682
6.8750,0.463639
6.9250,0.837774
6.9750,1.451417
7.0250,2.540956
7.0750,3.015931
7.1250,3.453388
7.1750,2.743259
7.2250,1.702550
7.2750,1.196162
7.3250,0.680705
7.3750,0.111918
7.4250,0.088332
7.4750,0.021789
7.5250,0.021500
7.5750,0.000000
7.6250,0.000000
7.6750,0.000000
7.7250,0.000000
7.7750,0.000000
7.8250,0.000000
7.8750,0.000000
7.9250,0.058153
7.9750,0.038284
8.0250,0.283566
8.0750,0.616143
8.1250,1.051189
8.1750,1.329842
8.2250,1.079772
8.2750,1.013425
8.3250,0.772924
8.3750,0.503363
8.4250,0.240127
8.4750,0.288152
8.5250,0.871098
8.5750,1.423911
8.6250,1.914786
8.6750,2.491348
8.7250,2.750744
8.7750,2.403267
8.8250,1.641393
8.8750,0.911944
8.9250,0.718347
8.9750,0.589452
9.0250,0.807146
9.0750,1.493072
9.1250,1.374405
9.1750,1.764413
9.2250,1.802563
9.2750,1.500136
9.3250,1.050065
9.3750,0.554077
9.4250,0.575624
9.4750,0.772981
9.5250,1.274812
9.5750,1.381047
9.6250,1.813553
9.6750,1.638782
9.7250,1.313027
9.7750,0.828195
9.8250,0.466648
9.8750,0.349572
9.9250,0.259544
9.9750,0.403776
