"# Partial RDF g_AlNi(r), phase=AlNi, state=300K_md, natoms=128 (Al=64, Ni=64), source=supercell (128 atoms, Stage D-2), rmax=10.0, dr=0.05"
r_angstrom,g_r
0.0250,0.000000
0.0750,0.000000
0.1250,0.000000
0.1750,0.000000
0.2250,0.000000
0.2750,0.000000
0.3250,0.000000
0.3750,0.000000
0.4250,0.000000
0.4750,0.000000
0.5250,0.000000
0.5750,0.000000
0.6250,0.000000
0.6750,0.000000
0.7250,0.000000
0.7750,0.000000
0.8250,0.000000
0.8750,0.000000
0.9250,0.000000
0.9750,0.000000
1.0250,0.000000
1.0750,0.000000
1.1250,0.000000
1.1750,0.000000
1.2250,0.000000
1.2750,0.000000
1.3250,0.000000
1.3750,0.000000
1.4250,0.000000
1.4750,0.000000
1.5250,0.000000
1.5750,0.000000
1.6250,0.000000
1.6750,0.000000
1.7250,0.000000
1.7750,0.000000
1.8250,0.000000
1.8750,0.000000
1.9250,0.000000
1.9750,0.000000
2.0250,0.000000
2.0750,0.000000
2.1250,0.000000
2.1750,0.000000
2.2250,0.000000
2.2750,0.235228
2.3250,0.337830
2.3750,3.129633
2.4250,8.074094
2.4750,10.732379
2.5250,11.361793
2.5750,7.528042
2.6250,5.565505
2.6750,1.701395
2.7250,0.491859
2.7750,0.158098
2.8250,0.000000
2.8750,0.000000
2.9250,0.000000
2.9750,0.000000
3.0250,0.000000
3.0750,0.000000
3.1250,0.000000
3.1750,0.000000
3.2250,0.000000
3.2750,0.000000
3.3250,0.000000
3.3750,0.000000
3.4250,0.000000
3.4750,0.000000
3.5250,0.000000
3.5750,0.000000
3.6250,0.000000
3.6750,0.000000
3.7250,0.000000
3.7750,0.000000
3.8250,0.000000
3.8750,0.000000
3.9250,0.000000
3.9750,0.000000
4.0250,0.000000
4.0750,0.000000
4.1250,0.000000
4.1750,0.000000
4.2250,0.000000
4.2750,0.000000
4.3250,0.000000
4.3750,0.000000
4.4250,0.000000
4.4750,0.000000
4.5250,0.089188
4.5750,0.668911
4.6250,1.508256
4.6750,3.286559
4.7250,4.935119
4.7750,7.475391
4.8250,8.053390
4.8750,6.582738
4.9250,4.216183
4.9750,2.311875
5.0250,0.747330
5.0750,0.354521
5.1250,0.092703
5.1750,0.022730
5.2250,0.000000
5.2750,0.000000
5.3250,0.000000
5.3750,0.000000
5.4250,0.000000
5.4750,0.000000
5.5250,0.000000
5.5750,0.000000
5.6250,0.000000
5.6750,0.000000
5.7250,0.000000
5.7750,0.000000
5.8250,0.000000
5.8750,0.000000
5.9250,0.000000
5.9750,0.000000
6.0250,0.016769
6.0750,0.181436
6.1250,0.649039
6.1750,1.580462
6.2250,2.843299
6.2750,4.096765
6.3250,4.427867
6.3750,4.029160
6.4250,3.022945
6.4750,1.582594
6.5250,0.686282
6.5750,0.183052
6.6250,0.055477
6.6750,0.000000
6.7250,0.000000
6.7750,0.000000
6.8250,0.000000
6.8750,0.000000
6.9250,0.000000
6.9750,0.000000
7.0250,0.000000
7.0750,0.000000
7.1250,0.000000
7.1750,0.000000
7.2250,0.023323
7.2750,0.161022
7.3250,0.555909
7.3750,1.253478
7.4250,2.153101
7.4750,3.453501
7.5250,4.031261
7.5750,3.776656
7.6250,2.900165
7.6750,2.263133
7.7250,0.877252
7.7750,0.332304
7.8250,0.119299
7.8750,0.009816
7.9250,0.000000
7.9750,0.000000
8.0250,0.000000
8.0750,0.000000
8.1250,0.000000
8.1750,0.000000
8.2250,0.008998
8.2750,0.017779
8.3250,0.219581
8.3750,0.538077
8.4250,1.406458
8.4750,2.779823
8.5250,3.995326
8.5750,5.091310
8.6250,4.295995
8.6750,3.510536
8.7250,1.975098
8.7750,1.122579
8.8250,0.320462
8.8750,0.061827
8.9250,0.007642
8.9750,0.000000
9.0250,0.000000
9.0750,0.000000
9.1250,0.000000
9.1750,0.000000
9.2250,0.021459
9.2750,0.091989
9.3250,0.448028
9.3750,0.741078
9.4250,1.445914
9.4750,1.654452
9.5250,1.965895
9.5750,1.573597
9.6250,1.307598
9.6750,0.669820
9.7250,0.302511
9.7750,0.057337
9.8250,0.037836
9.8750,0.000000
9.9250,0.000000
9.9750,0.000000
