"# Partial RDF g_AlAl(r), phase=AlNi3, state=300K_md, natoms=108 (Al=27, Ni=81), source=supercell (108 atoms, Stage D-2), rmax=10.0, dr=0.05"
r_angstrom,g_r
0.0250,0.000000
0.0750,0.000000
0.1250,0.000000
0.1750,0.000000
0.2250,0.000000
0.2750,0.000000
0.3250,0.000000
0.3750,0.000000
0.4250,0.000000
0.4750,0.000000
0.5250,0.000000
0.5750,0.000000
0.6250,0.000000
0.6750,0.000000
0.7250,0.000000
0.7750,0.000000
0.8250,0.000000
0.8750,0.000000
0.9250,0.000000
0.9750,0.000000
1.0250,0.000000
1.0750,0.000000
1.1250,0.000000
1.1750,0.000000
1.2250,0.000000
1.2750,0.000000
1.3250,0.000000
1.3750,0.000000
1.4250,0.000000
1.4750,0.000000
1.5250,0.000000
1.5750,0.000000
1.6250,0.000000
1.6750,0.000000
1.7250,0.000000
1.7750,0.000000
1.8250,0.000000
1.8750,0.000000
1.9250,0.000000
1.9750,0.000000
2.0250,0.000000
2.0750,0.000000
2.1250,0.000000
2.1750,0.000000
2.2250,0.000000
2.2750,0.000000
2.3250,0.000000
2.3750,0.000000
2.4250,0.000000
2.4750,0.000000
2.5250,0.000000
2.5750,0.000000
2.6250,0.000000
2.6750,0.000000
2.7250,0.000000
2.7750,0.000000
2.8250,0.000000
2.8750,0.000000
2.9250,0.000000
2.9750,0.000000
3.0250,0.000000
3.0750,0.000000
3.1250,0.000000
3.1750,0.000000
3.2250,0.000000
3.2750,0.000000
3.3250,0.489529
3.3750,2.850789
3.4250,1.845441
3.4750,3.137255
3.5250,5.226662
3.5750,5.081484
3.6250,5.354127
3.6750,6.010878
3.7250,3.120318
3.7750,0.759552
3.8250,0.369912
3.8750,0.000000
3.9250,0.000000
3.9750,0.000000
4.0250,0.000000
4.0750,0.000000
4.1250,0.000000
4.1750,0.000000
4.2250,0.000000
4.2750,0.000000
4.3250,0.000000
4.3750,0.000000
4.4250,0.000000
4.4750,0.000000
4.5250,0.000000
4.5750,0.000000
4.6250,0.000000
4.6750,0.000000
4.7250,0.000000
4.7750,0.000000
4.8250,0.000000
4.8750,1.138629
4.9250,2.900629
4.9750,5.903900
5.0250,4.286662
5.0750,9.455877
5.1250,4.739161
5.1750,4.041761
5.2250,0.792955
5.2750,0.583496
5.3250,0.190863
5.3750,0.000000
5.4250,0.183892
5.4750,0.000000
5.5250,0.000000
5.5750,0.000000
5.6250,0.000000
5.6750,0.000000
5.7250,0.000000
5.7750,0.000000
5.8250,0.000000
5.8750,0.000000
5.9250,0.000000
5.9750,0.454786
6.0250,0.596358
6.0750,1.759746
6.1250,1.875394
6.1750,2.980621
6.2250,3.072595
6.2750,2.061699
6.3250,0.946975
6.3750,0.932178
6.4250,0.524415
6.4750,0.000000
6.5250,0.000000
6.5750,0.000000
6.6250,0.000000
6.6750,0.000000
6.7250,0.000000
6.7750,0.000000
6.8250,0.000000
6.8750,0.000000
6.9250,0.112855
6.9750,0.222486
7.0250,1.096652
7.0750,1.297447
7.1250,1.705735
7.1750,1.156406
7.2250,1.140456
7.2750,0.818060
7.3250,0.403465
7.3750,0.497516
7.4250,0.000000
7.4750,0.096859
7.5250,0.000000
7.5750,0.000000
7.6250,0.000000
7.6750,0.091877
7.7250,0.181382
7.7750,0.716227
7.8250,1.414206
7.8750,1.483574
7.9250,4.480910
7.9750,5.190747
8.0250,4.201857
8.0750,3.983984
8.1250,3.279251
8.1750,1.619630
8.2250,0.400000
8.2750,0.316144
8.3250,0.000000
8.3750,0.000000
8.4250,0.000000
8.4750,0.000000
8.5250,0.223405
8.5750,0.883231
8.6250,1.527786
8.6750,3.236197
8.7250,3.839054
8.7750,4.217143
8.8250,3.405086
8.8750,3.091983
8.9250,1.426804
8.9750,0.604693
9.0250,0.199337
9.0750,0.131431
9.1250,0.000000
9.1750,0.000000
9.2250,0.000000
9.2750,0.000000
9.3250,0.000000
9.3750,0.000000
9.4250,0.000000
9.4750,0.000000
9.5250,0.000000
9.5750,0.000000
9.6250,0.000000
9.6750,0.000000
9.7250,0.000000
9.7750,0.000000
9.8250,0.056066
9.8750,0.110999
9.9250,0.219766
9.9750,0.326352
