"# Partial RDF g_NiNi(r), phase=AlNi3, state=300K_md, natoms=108 (Al=27, Ni=81), source=supercell (108 atoms, Stage D-2), rmax=10.0, dr=0.05"
r_angstrom,g_r
0.0250,0.000000
0.0750,0.000000
0.1250,0.000000
0.1750,0.000000
0.2250,0.000000
0.2750,0.000000
0.3250,0.000000
0.3750,0.000000
0.4250,0.000000
0.4750,0.000000
0.5250,0.000000
0.5750,0.000000
0.6250,0.000000
0.6750,0.000000
0.7250,0.000000
0.7750,0.000000
0.8250,0.000000
0.8750,0.000000
0.9250,0.000000
0.9750,0.000000
1.0250,0.000000
1.0750,0.000000
1.1250,0.000000
1.1750,0.000000
1.2250,0.000000
1.2750,0.000000
1.3250,0.000000
1.3750,0.000000
1.4250,0.000000
1.4750,0.000000
1.5250,0.000000
1.5750,0.000000
1.6250,0.000000
1.6750,0.000000
1.7250,0.000000
1.7750,0.000000
1.8250,0.000000
1.8750,0.000000
1.9250,0.000000
1.9750,0.000000
2.0250,0.000000
2.0750,0.000000
2.1250,0.000000
2.1750,0.000000
2.2250,0.000000
2.2750,0.000000
2.3250,0.222486
2.3750,0.746259
2.4250,2.863211
2.4750,6.086395
2.5250,8.771605
2.5750,6.801828
2.6250,3.403493
2.6750,1.092483
2.7250,0.404908
2.7750,0.000000
2.8250,0.000000
2.8750,0.000000
2.9250,0.000000
2.9750,0.000000
3.0250,0.000000
3.0750,0.000000
3.1250,0.000000
3.1750,0.000000
3.2250,0.000000
3.2750,0.000000
3.3250,0.000000
3.3750,0.211170
3.4250,0.461360
3.4750,1.145347
3.5250,2.419751
3.5750,2.587793
3.6250,2.471136
3.6750,1.380276
3.7250,0.390040
3.7750,0.253184
3.8250,0.082203
3.8750,0.000000
3.9250,0.000000
3.9750,0.000000
4.0250,0.000000
4.0750,0.000000
4.1250,0.000000
4.1750,0.172495
4.2250,0.943243
4.2750,2.007134
4.3250,3.343336
4.3750,5.246615
4.4250,4.575922
4.4750,2.252133
4.5250,1.439056
4.5750,0.287301
4.6250,0.000000
4.6750,0.000000
4.7250,0.000000
4.7750,0.000000
4.8250,0.000000
4.8750,0.202423
4.9250,0.644584
4.9750,1.725008
5.0250,2.571997
5.0750,2.521567
5.1250,2.129188
5.1750,1.145166
5.2250,0.352425
5.2750,0.108055
5.3250,0.000000
5.3750,0.020814
5.4250,0.000000
5.4750,0.200609
5.5250,0.925875
5.5750,1.838031
5.6250,2.527700
5.6750,2.707417
5.7250,2.238349
5.7750,1.045786
5.8250,0.602568
5.8750,0.034844
5.9250,0.017129
5.9750,0.033688
6.0250,0.066262
6.0750,0.358467
6.1250,0.961741
6.1750,1.151245
6.2250,1.070753
6.2750,0.870495
6.3250,0.420878
6.3750,0.118372
6.4250,0.014567
6.4750,0.157773
6.5250,0.607332
6.5750,1.557921
6.6250,2.712766
6.6750,3.536044
6.7250,4.068700
6.7750,2.685679
6.8250,1.497516
6.8750,0.445289
6.9250,0.125395
6.9750,0.061802
7.0250,0.134035
7.0750,0.456509
7.1250,0.580424
7.1750,0.654129
7.2250,0.552948
7.2750,0.261325
7.3250,0.078452
7.3750,0.066336
7.4250,0.305411
7.4750,1.076209
7.5250,1.709747
7.5750,2.095963
7.6250,2.316793
7.6750,1.561901
7.7250,0.796066
7.7750,0.258637
7.8250,0.324089
7.8750,0.669063
7.9250,1.417040
7.9750,1.843708
8.0250,2.035566
8.0750,1.558549
8.1250,0.856249
8.1750,0.350920
8.2250,0.266666
8.2750,0.482998
8.3250,0.737512
8.3750,1.388878
8.4250,1.347027
8.4750,0.803731
8.5250,0.388891
8.5750,0.294410
8.6250,0.509262
8.6750,1.006817
8.7250,1.421872
8.7750,1.694667
8.8250,1.467044
8.8750,1.000123
8.9250,0.513347
8.9750,0.686812
9.0250,1.550400
9.0750,2.738148
9.1250,3.285977
9.1750,2.957380
9.2250,1.632293
9.2750,0.761934
9.3250,0.221295
9.3750,0.041051
9.4250,0.006769
9.4750,0.000000
9.5250,0.006628
9.5750,0.019677
9.6250,0.233679
9.6750,0.591023
9.7250,1.284373
9.7750,1.718098
9.8250,1.831475
9.8750,1.325816
9.9250,0.787495
9.9750,0.392832
