canonical_index,config_id,split,dataset_origin,phase,composition,config_family,config_type,relationship_parent,relationship_group,target_role,strain_type,strain_value,rattle_sigma_A,shear_value,random_seed,source_record,original_dataset,original_dataset_sha256,canonical_input_sha256,qe_output_sha256,energy_sha256_float64,forces_sha256_float64,stress_sha256_float64
0,AlNi_iso_m02,train,Pilot-25,AlNi,Al1Ni1,iso_m02,iso_m02,AlNi_relaxed,AlNi:pilot:iso_m02,HISTORICAL_TRAIN,historical_not_recorded,historical_not_recorded,historical_not_recorded,historical_not_recorded,historical_not_recorded,Pilot-25:AlNi_iso_m02,/workspace/ni_al/data/processed/ni_al_pilot_dft_25.extxyz,35b2b65fe77d181b5da30dd23bbb7ff9fc4f41c0c0f603738172e2f833ab5b0b,historical_not_recorded,historical_not_recorded,c9a220b27383ea0adeac814920cb27fdb257928dfc1fb255428ea9274459cc32,17b0761f87b081d5cf10757ccc89f12be355c70e2e29df288b65b30710dcbcd1,e43a4e5dfd711a0263adbb35828bd43cf202f481293f33ccda94be3226875b5f
1,AlNi_iso_p02,train,Pilot-25,AlNi,Al1Ni1,iso_p02,iso_p02,AlNi_relaxed,AlNi:pilot:iso_p02,HISTORICAL_TRAIN,historical_not_recorded,historical_not_recorded,historical_not_recorded,historical_not_recorded,historical_not_recorded,Pilot-25:AlNi_iso_p02,/workspace/ni_al/data/processed/ni_al_pilot_dft_25.extxyz,35b2b65fe77d181b5da30dd23bbb7ff9fc4f41c0c0f603738172e2f833ab5b0b,historical_not_recorded,historical_not_recorded,e733787461ae3fa9eafaac7a8882484c3d3f40783a57ae64ea002b90a1a09392,17b0761f87b081d5cf10757ccc89f12be355c70e2e29df288b65b30710dcbcd1,6586d46d01504070f54d0dc4047bfabcc365ecd5f0c46a416777214a5df2afbb
4,Al3Ni2_iso_m02,train,Pilot-25,Al3Ni2,Al3Ni2,iso_m02,iso_m02,Al3Ni2_relaxed,Al3Ni2:pilot:iso_m02,HISTORICAL_TRAIN,historical_not_recorded,historical_not_recorded,historical_not_recorded,historical_not_recorded,historical_not_recorded,Pilot-25:Al3Ni2_iso_m02,/workspace/ni_al/data/processed/ni_al_pilot_dft_25.extxyz,35b2b65fe77d181b5da30dd23bbb7ff9fc4f41c0c0f603738172e2f833ab5b0b,historical_not_recorded,historical_not_recorded,558c01ccda585629fd2979815bef3eaac6130e65f1856f2442a98aeca175c550,6e731704d97ce927bc94f99ebe86e4782210f8b2d612c5a461d00c62199eee24,cf6f10df2f39af93f000748bb772a946b9537d236b27ce1e168a571b43b87309
5,Al3Ni2_iso_p02,train,Pilot-25,Al3Ni2,Al3Ni2,iso_p02,iso_p02,Al3Ni2_relaxed,Al3Ni2:pilot:iso_p02,HISTORICAL_TRAIN,historical_not_recorded,historical_not_recorded,historical_not_recorded,historical_not_recorded,historical_not_recorded,Pilot-25:Al3Ni2_iso_p02,/workspace/ni_al/data/processed/ni_al_pilot_dft_25.extxyz,35b2b65fe77d181b5da30dd23bbb7ff9fc4f41c0c0f603738172e2f833ab5b0b,historical_not_recorded,historical_not_recorded,3e18a25b20cdfd1296284898c291326cf9a0f5acc60f8680029793ff92b06708,cd9e9212e25c7344f3a6c89392244660eadb781563e294ceb7f179c60955db94,f8df47a211b8a471f8b8619ae1926fb205f1a99538ca01e66a0be963c7b72a19
8,AlNi3_iso_m02,train,Pilot-25,AlNi3,Al1Ni3,iso_m02,iso_m02,AlNi3_relaxed,AlNi3:pilot:iso_m02,HISTORICAL_TRAIN,historical_not_recorded,historical_not_recorded,historical_not_recorded,historical_not_recorded,historical_not_recorded,Pilot-25:AlNi3_iso_m02,/workspace/ni_al/data/processed/ni_al_pilot_dft_25.extxyz,35b2b65fe77d181b5da30dd23bbb7ff9fc4f41c0c0f603738172e2f833ab5b0b,historical_not_recorded,historical_not_recorded,44fd566b640ddf3b65cf8c68348b47444ae2de2a018400c81dfc488e9a6b8dc2,2ea9ab9198d1638007400cd2c3bef1cc745b864b76011a0e1bc52180ac6452d4,d7e195a61bdeb84a1d0259405563e23be24243fd61d1a21bdfb43acfe52b8826
9,AlNi3_iso_p02,train,Pilot-25,AlNi3,Al1Ni3,iso_p02,iso_p02,AlNi3_relaxed,AlNi3:pilot:iso_p02,HISTORICAL_TRAIN,historical_not_recorded,historical_not_recorded,historical_not_recorded,historical_not_recorded,historical_not_recorded,Pilot-25:AlNi3_iso_p02,/workspace/ni_al/data/processed/ni_al_pilot_dft_25.extxyz,35b2b65fe77d181b5da30dd23bbb7ff9fc4f41c0c0f603738172e2f833ab5b0b,historical_not_recorded,historical_not_recorded,9bb46fc13f487e235aeb61325fc1a3491af4f2237226e6c0d7d8fdb0392a4e4d,2ea9ab9198d1638007400cd2c3bef1cc745b864b76011a0e1bc52180ac6452d4,8c45354f25639ce5724536c7381c3f4f52ca6ffb3ab87d4e5fbab4a2529d524d
12,Al3Ni5_iso_m02,train,Pilot-25,Al3Ni5,Al3Ni5,iso_m02,iso_m02,Al3Ni5_relaxed,Al3Ni5:pilot:iso_m02,HISTORICAL_TRAIN,historical_not_recorded,historical_not_recorded,historical_not_recorded,historical_not_recorded,historical_not_recorded,Pilot-25:Al3Ni5_iso_m02,/workspace/ni_al/data/processed/ni_al_pilot_dft_25.extxyz,35b2b65fe77d181b5da30dd23bbb7ff9fc4f41c0c0f603738172e2f833ab5b0b,historical_not_recorded,historical_not_recorded,3ffac4f66aa440d60b530312a7fa4e0bfde055312f0a9213f6c8509edf2fa6e6,fc1fef302ba24a22152e19cd598c4e89dcabc56660656befaabc460788ebe546,863a54da8fec6a9ac006f762ea658c0bda21d25d0012a7bbe978fa04d2b07f73
13,Al3Ni5_iso_p02,train,Pilot-25,Al3Ni5,Al3Ni5,iso_p02,iso_p02,Al3Ni5_relaxed,Al3Ni5:pilot:iso_p02,HISTORICAL_TRAIN,historical_not_recorded,historical_not_recorded,historical_not_recorded,historical_not_recorded,historical_not_recorded,Pilot-25:Al3Ni5_iso_p02,/workspace/ni_al/data/processed/ni_al_pilot_dft_25.extxyz,35b2b65fe77d181b5da30dd23bbb7ff9fc4f41c0c0f603738172e2f833ab5b0b,historical_not_recorded,historical_not_recorded,0f58f5a0b7a709cd4d4a1d69fae3aa84a40dc8a18e93bec5fa85ed43b29fcd80,87a8a2fdf53656d6a0c7da84cba3839c0c0a6802aa41f3db198b4f01416fb75d,d1a27ce299b5526fd3e3c02076b3b998f230405acd39148aef05ec80801aba37
16,Al3Ni_iso_m02,train,Pilot-25,Al3Ni,Al12Ni4,iso_m02,iso_m02,Al3Ni_relaxed,Al3Ni:pilot:iso_m02,HISTORICAL_TRAIN,historical_not_recorded,historical_not_recorded,historical_not_recorded,historical_not_recorded,historical_not_recorded,Pilot-25:Al3Ni_iso_m02,/workspace/ni_al/data/processed/ni_al_pilot_dft_25.extxyz,35b2b65fe77d181b5da30dd23bbb7ff9fc4f41c0c0f603738172e2f833ab5b0b,historical_not_recorded,historical_not_recorded,7221ee1cdd557c45e5da0bd9ad8e8d271bf8caffd734e89dfa2063e4bc6eb45d,c021c1ab2010a4fca7fe882acbf0edc981230b9741edfc9ce71c07d4788f7154,4092e0b6b514587aa60c8143dd8b5f8d80d1ba6e0412f54062232ebc3f1e3262
17,Al3Ni_iso_p02,train,Pilot-25,Al3Ni,Al12Ni4,iso_p02,iso_p02,Al3Ni_relaxed,Al3Ni:pilot:iso_p02,HISTORICAL_TRAIN,historical_not_recorded,historical_not_recorded,historical_not_recorded,historical_not_recorded,historical_not_recorded,Pilot-25:Al3Ni_iso_p02,/workspace/ni_al/data/processed/ni_al_pilot_dft_25.extxyz,35b2b65fe77d181b5da30dd23bbb7ff9fc4f41c0c0f603738172e2f833ab5b0b,historical_not_recorded,historical_not_recorded,6ed4addcd1b6341f64255dd1df7d33f10758b6d931a1fa5503f5e2cae0f8c590,413c71cbc2b843c248f2454de6a2133772445931e0adf491cbc2b17cfc5a331b,c771faf9e0021d73f8cb8c0321e965f2f1f304286a51f2b5d4fbb0a9236637cf
20,AlNi_relaxed,train,Pilot-25,AlNi,Al1Ni1,relaxed,relaxed,AlNi_relaxed,AlNi:pilot:relaxed,HISTORICAL_TRAIN,historical_not_recorded,historical_not_recorded,historical_not_recorded,historical_not_recorded,historical_not_recorded,Pilot-25:AlNi_relaxed,/workspace/ni_al/data/processed/ni_al_pilot_dft_25.extxyz,35b2b65fe77d181b5da30dd23bbb7ff9fc4f41c0c0f603738172e2f833ab5b0b,historical_not_recorded,historical_not_recorded,6437969a4c20abac71d48040afce99a4bd8dc285eba4fdf6ea39462d3bfed88d,17b0761f87b081d5cf10757ccc89f12be355c70e2e29df288b65b30710dcbcd1,1b83ca7f59cd6334d1fca4de17a0594039d61b24807002ef0ab149ea6539f047
21,Al3Ni2_relaxed,train,Pilot-25,Al3Ni2,Al3Ni2,relaxed,relaxed,Al3Ni2_relaxed,Al3Ni2:pilot:relaxed,HISTORICAL_TRAIN,historical_not_recorded,historical_not_recorded,historical_not_recorded,historical_not_recorded,historical_not_recorded,Pilot-25:Al3Ni2_relaxed,/workspace/ni_al/data/processed/ni_al_pilot_dft_25.extxyz,35b2b65fe77d181b5da30dd23bbb7ff9fc4f41c0c0f603738172e2f833ab5b0b,historical_not_recorded,historical_not_recorded,b7d4d432f6344a3b78ef93ac946784bda0284ee2c55fc6d3794ddfd5156bc851,b320025230dc1176d74041abd4bf9eca3f8234710906870b9baa6edb382d7a46,8fba3f10fb8fe28cc6b30ffdbf1193f0811dd1bb347349dff103c359fd51c8cb
22,AlNi3_relaxed,train,Pilot-25,AlNi3,Al1Ni3,relaxed,relaxed,AlNi3_relaxed,AlNi3:pilot:relaxed,HISTORICAL_TRAIN,historical_not_recorded,historical_not_recorded,historical_not_recorded,historical_not_recorded,historical_not_recorded,Pilot-25:AlNi3_relaxed,/workspace/ni_al/data/processed/ni_al_pilot_dft_25.extxyz,35b2b65fe77d181b5da30dd23bbb7ff9fc4f41c0c0f603738172e2f833ab5b0b,historical_not_recorded,historical_not_recorded,3066d8a8285c7fd2d6c77d0cb34a94fe11fd4a93520b69d92f53c7953ead9350,2ea9ab9198d1638007400cd2c3bef1cc745b864b76011a0e1bc52180ac6452d4,5b7ff453f3d757f6c856f0e4b806cfe00082e9b463a77a25c691bc6b20fc951e
23,Al3Ni5_relaxed,train,Pilot-25,Al3Ni5,Al3Ni5,relaxed,relaxed,Al3Ni5_relaxed,Al3Ni5:pilot:relaxed,HISTORICAL_TRAIN,historical_not_recorded,historical_not_recorded,historical_not_recorded,historical_not_recorded,historical_not_recorded,Pilot-25:Al3Ni5_relaxed,/workspace/ni_al/data/processed/ni_al_pilot_dft_25.extxyz,35b2b65fe77d181b5da30dd23bbb7ff9fc4f41c0c0f603738172e2f833ab5b0b,historical_not_recorded,historical_not_recorded,0fc3add3b2158be03bb3dd6893380e689be3aa795d5cf6a383f478f7a1d64f00,08e5418aea329214e784eb727eb199a2891bff251adf673d2f1954bc922c78e7,b361702991d6cb4122d57a82278b77bf8a066c432b0455d0a01f0dc8bcff3f56
24,Al3Ni_relaxed,train,Pilot-25,Al3Ni,Al12Ni4,relaxed,relaxed,Al3Ni_relaxed,Al3Ni:pilot:relaxed,HISTORICAL_TRAIN,historical_not_recorded,historical_not_recorded,historical_not_recorded,historical_not_recorded,historical_not_recorded,Pilot-25:Al3Ni_relaxed,/workspace/ni_al/data/processed/ni_al_pilot_dft_25.extxyz,35b2b65fe77d181b5da30dd23bbb7ff9fc4f41c0c0f603738172e2f833ab5b0b,historical_not_recorded,historical_not_recorded,457b183fbe462afd0b27dad96d0c981f6f06bbc49e0ad94b6ca8054ad139d897,a5b97d21d9405d65f935158beedd94824431fadf79780a58e158d50c5963e3d5,191e5da2a6ea17ea693a152799f99da16f5525cbe43a7edc167346336ac61fd5
25,cfg026_Al3Ni_iso_compression,train,Expansion-75,Al3Ni,Al12Ni4,iso_compression,iso_compression,Al3Ni_relaxed,Al3Ni:iso_compression,TRAIN_CANDIDATE,isotropic,-0.01,0,0,20261026,Expansion-75:4e103a125b15148c4c2633d61085cadf128748bec421b818510a91f00f153ed5,/workspace/ni_al/data/processed/ni_al_expansion_dft_75.extxyz,ff69c2bfed14bfcf48931949647d8f1b3c9353a89c20378c9113155940792137,ead454c58ff9d66466f61eea864a1912984198de9d8076b2da41b3ad9c128b69,4e103a125b15148c4c2633d61085cadf128748bec421b818510a91f00f153ed5,de4d62bfd4fe58f1b5b22803c66b8e9d2001c7e7b714ed2c1ffa08a0b90af669,41732b354bfb199fe2857d20a528a9ebe947e5db7a25de7b93cc9cc4f5846a5b,da67540bf038868de3e26b7e67178099ae763e8aecc616c925e1adc9ca484a67
26,cfg027_Al3Ni_iso_expansion,train,Expansion-75,Al3Ni,Al12Ni4,iso_expansion,iso_expansion,Al3Ni_relaxed,Al3Ni:iso_expansion,TRAIN_CANDIDATE,isotropic,0.01,0,0,20261027,Expansion-75:1665361433b293a53ed1b4e35c4286dcf639ea1b0c3b2374be7ece365c902c83,/workspace/ni_al/data/processed/ni_al_expansion_dft_75.extxyz,ff69c2bfed14bfcf48931949647d8f1b3c9353a89c20378c9113155940792137,8995a08a2c062b688841d8fbf654de13c2f53e015d3106f1cf9d32ad9610a08f,1665361433b293a53ed1b4e35c4286dcf639ea1b0c3b2374be7ece365c902c83,b4e5427fc0a8bc3f2f1d5783592852cc34f21452c8c2c4917d630cf473105ebc,63e57ea2223057b4f502ca7dffe9ccf9b85a4452936a86240a5cd8864509688d,ae6bfec48dfabb98acd42c3051b22ed3ff39d70d7d532a21e0c07b7aaf5b0912
27,cfg045_Al3Ni5_iso_compression,train,Expansion-75,Al3Ni5,Al3Ni5,iso_compression,iso_compression,Al3Ni5_relaxed,Al3Ni5:iso_compression,TRAIN_CANDIDATE,isotropic,-0.01,0,0,20261045,Expansion-75:20da0f9f824270b3418ad7bd86fca189e11d4b7a302c346cc3d72d9b95fb7ad0,/workspace/ni_al/data/processed/ni_al_expansion_dft_75.extxyz,ff69c2bfed14bfcf48931949647d8f1b3c9353a89c20378c9113155940792137,e53e5e476eea2c471a0d65439cb764daec7c8c4aa9e6574ffdaffa1ae3f049f8,20da0f9f824270b3418ad7bd86fca189e11d4b7a302c346cc3d72d9b95fb7ad0,caf4ac4c3b3cc6ae4d8dc0997b1768e025be20be1d8eb9258071783f6829f7ec,fb4a802418beb311a67412abd94b824bb1b9fb26aac97a9ca636a07575924e91,0e5ba4369e501bb55187c4b723b89cf7d41909276890bc9d02606648d0fb1edd
28,cfg046_Al3Ni5_iso_expansion,train,Expansion-75,Al3Ni5,Al3Ni5,iso_expansion,iso_expansion,Al3Ni5_relaxed,Al3Ni5:iso_expansion,TRAIN_CANDIDATE,isotropic,0.01,0,0,20261046,Expansion-75:86d228e633203e98f4a5c82cd572e4df477e493c251e36cb67aa9b8db89d374c,/workspace/ni_al/data/processed/ni_al_expansion_dft_75.extxyz,ff69c2bfed14bfcf48931949647d8f1b3c9353a89c20378c9113155940792137,0394ba76213c932ee462afc6673e787ec2bfff578a4affb305f73b619250805f,86d228e633203e98f4a5c82cd572e4df477e493c251e36cb67aa9b8db89d374c,df8c5c7c075a2a7b6070e28cff5aaece8006da3d7a2220be98f7e583d3488607,673e1811afe0cace10e88a41f7891a028770ddfcb3676458f8270590ecde7647,deeab6f7bf6d5ef8f92a43ddb781c6a010c48617f3d2de23cf48e9894bc5906d
29,cfg089_AlNi3_iso_compression,train,Expansion-75,AlNi3,Al1Ni3,iso_compression,iso_compression,AlNi3_relaxed,AlNi3:iso_compression,TRAIN_CANDIDATE,isotropic,-0.01,0,0,20261089,Expansion-75:233583d40d0cedb25723de5842bc4298413375e17ac53cfce09a80a64b505cef,/workspace/ni_al/data/processed/ni_al_expansion_dft_75.extxyz,ff69c2bfed14bfcf48931949647d8f1b3c9353a89c20378c9113155940792137,24175d49e82de1d560a6d264eecb73704433547d4e41a54d510e9ca33986c703,233583d40d0cedb25723de5842bc4298413375e17ac53cfce09a80a64b505cef,9014d16abca78b2b9e080cb0a84a7212660418177613abc9a778db25e6213b55,2ea9ab9198d1638007400cd2c3bef1cc745b864b76011a0e1bc52180ac6452d4,6ae66050ce7398e89c103d9c01863ceddddd8b9ad2ed65f8c6784439a9f89927
30,cfg062_Al3Ni2_iso_compression,train,Expansion-75,Al3Ni2,Al3Ni2,iso_compression,iso_compression,Al3Ni2_relaxed,Al3Ni2:iso_compression,TRAIN_CANDIDATE,isotropic,-0.01,0,0,20261062,Expansion-75:46dd9d883f1d886191eb3cc9ac3b663d892e404e69569d8d5f3791512113d774,/workspace/ni_al/data/processed/ni_al_expansion_dft_75.extxyz,ff69c2bfed14bfcf48931949647d8f1b3c9353a89c20378c9113155940792137,b7854d7d6830d2c0bb0c6af0fcc52109201abd8859ee7451dc37ea30c442d8d8,46dd9d883f1d886191eb3cc9ac3b663d892e404e69569d8d5f3791512113d774,aea7b20072b4bf6cfb463f9c08b2f33e86d7b52e9c868eadbce5d8782148ae3b,1f8323b9f58abb72b6cd7b91f473fd71f6f25c7ec75d06abe78cb7f3175ecc45,a9869b5a1afd67ae7196a7378227d11019c63af2de052b9df3e1714731d1833d
31,cfg028_Al3Ni_iso_compression,train,Expansion-75,Al3Ni,Al12Ni4,iso_compression,iso_compression,Al3Ni_relaxed,Al3Ni:iso_compression,TRAIN_CANDIDATE,isotropic,-0.03,0,0,20261028,Expansion-75:116f2d34b762dc4bf29e5659097dd6857ffa981502b8a472536cbf99687adbd9,/workspace/ni_al/data/processed/ni_al_expansion_dft_75.extxyz,ff69c2bfed14bfcf48931949647d8f1b3c9353a89c20378c9113155940792137,5a0c2ec15b0a4b5f8949c7502be92845d74a517e8c6d05fde8ce41f710adb6a8,116f2d34b762dc4bf29e5659097dd6857ffa981502b8a472536cbf99687adbd9,66c8ad9b4de3ebe34866ec5363375f2093612f7f64a8a0c8a6a2f6efd9ea016e,6b3aa8bfb2ea855c8f754bb54e0617b1d05eac3f04855bbc2818b3a983c5428c,19bbe26841495ad7e3781aaa946f3583f45a74ed263ce426250d63ab52abe850
32,cfg029_Al3Ni_iso_expansion,train,Expansion-75,Al3Ni,Al12Ni4,iso_expansion,iso_expansion,Al3Ni_relaxed,Al3Ni:iso_expansion,TRAIN_CANDIDATE,isotropic,0.03,0,0,20261029,Expansion-75:58cb3175e110906e2a238b92f2aed42c0bcc69cb9af4f5303de86518a771ca9f,/workspace/ni_al/data/processed/ni_al_expansion_dft_75.extxyz,ff69c2bfed14bfcf48931949647d8f1b3c9353a89c20378c9113155940792137,cf4cfef7399ba84b0205fdc517cd12115e6b007dddb456e79bb1e875be0b9591,58cb3175e110906e2a238b92f2aed42c0bcc69cb9af4f5303de86518a771ca9f,970d688a25ea843d2442fd51732261c24600b595e23cd97c8e2df369c0bd9ba0,76a372549cd25c50a7d2fa0ee4e9771d2b65074854e8e22070386e2545375be8,4881224c24c6d1b37a93889efdf3f6a44ecae66d8cd01e7cb15f8f837c5fea04
33,cfg047_Al3Ni5_iso_compression,train,Expansion-75,Al3Ni5,Al3Ni5,iso_compression,iso_compression,Al3Ni5_relaxed,Al3Ni5:iso_compression,TRAIN_CANDIDATE,isotropic,-0.03,0,0,20261047,Expansion-75:16171de4b48e59f822242883b943d33ad4c01d42d718e29b371feca1419dc222,/workspace/ni_al/data/processed/ni_al_expansion_dft_75.extxyz,ff69c2bfed14bfcf48931949647d8f1b3c9353a89c20378c9113155940792137,914d7918f7fefc00f1ddb8adb097809b2d33e51324dfff938caf2395513f3403,16171de4b48e59f822242883b943d33ad4c01d42d718e29b371feca1419dc222,888dc4e89ba05484a3df65909ef1c7bd90f77d6a16f083dc173b3a93a7271259,45ab42ae77770ce3c01b6cb0126d171dc6d8f5e330a494667d3bf6ecf07a952b,35d9f947a0d5a2270610543200f72478735409e0decc6f61e3986332b8f5aaee
34,cfg048_Al3Ni5_iso_expansion,train,Expansion-75,Al3Ni5,Al3Ni5,iso_expansion,iso_expansion,Al3Ni5_relaxed,Al3Ni5:iso_expansion,TRAIN_CANDIDATE,isotropic,0.03,0,0,20261048,Expansion-75:2b24f1c522bd3dd1eb83341a632ed2fbaf1b416eb8144b3a8c0585c89f8097b5,/workspace/ni_al/data/processed/ni_al_expansion_dft_75.extxyz,ff69c2bfed14bfcf48931949647d8f1b3c9353a89c20378c9113155940792137,7c7dbef03b25c1787e7a98a8884b8aca67f3c555883147f4185b332de988c30d,2b24f1c522bd3dd1eb83341a632ed2fbaf1b416eb8144b3a8c0585c89f8097b5,4d4497ef98b3ff41efdb1afd9c2f4cc38a68a71797f992a7f44c972f66dacb6a,4505f776f51d9e04bcced3b473dc41cf26f5ea5b82c10faa458f207b79044215,65e3cb57a2881f6feb03028ccb6b7d864173e392c6115d44a0db9efbaf3187e2
35,cfg090_AlNi3_iso_expansion,train,Expansion-75,AlNi3,Al1Ni3,iso_expansion,iso_expansion,AlNi3_relaxed,AlNi3:iso_expansion,TRAIN_CANDIDATE,isotropic,0.01,0,0,20261090,Expansion-75:9a3feed3f0cb568a9c736d3e885638369f75a3e64a5cdb14b741341cd403499a,/workspace/ni_al/data/processed/ni_al_expansion_dft_75.extxyz,ff69c2bfed14bfcf48931949647d8f1b3c9353a89c20378c9113155940792137,9ea47e929747a1c4f912404b4c5f2ea0c70b4f9e5ddb5b33e417f411b72ecc03,9a3feed3f0cb568a9c736d3e885638369f75a3e64a5cdb14b741341cd403499a,29b1d49f9c6428e0bcef747733ca2fb00bb3051e1b93e3339f82a879eb51b00d,2ea9ab9198d1638007400cd2c3bef1cc745b864b76011a0e1bc52180ac6452d4,4b0364d92877230e19f20459e64fae1bde8b4f1cc0fe2ffcdde33482773cb497
36,cfg063_Al3Ni2_iso_expansion,train,Expansion-75,Al3Ni2,Al3Ni2,iso_expansion,iso_expansion,Al3Ni2_relaxed,Al3Ni2:iso_expansion,TRAIN_CANDIDATE,isotropic,0.01,0,0,20261063,Expansion-75:e9d4b0f222c758239f9b9d19551b75bf8dfb1c42077038bed73f68ec330c22ee,/workspace/ni_al/data/processed/ni_al_expansion_dft_75.extxyz,ff69c2bfed14bfcf48931949647d8f1b3c9353a89c20378c9113155940792137,5b873a5ed5cd01f132ae7ab6f8be71320bd6098abaf134705ecf7593655819e9,e9d4b0f222c758239f9b9d19551b75bf8dfb1c42077038bed73f68ec330c22ee,abfedaf82439cf27cb9d249cfdcb4ab569367137f448e601a3b95a4a2fff6f98,4a6070c4d8c3d7ba110804a45ecee9878cac21a0be3fa9d787464205b194dd74,ec8e11a0e15ca3025e451da571e2a387e9f4badf68f9ec54a7b51159afffcd8a
37,cfg030_Al3Ni_uniaxial_x_compression,train,Expansion-75,Al3Ni,Al12Ni4,uniaxial_x_compression,uniaxial_x_compression,Al3Ni_relaxed,Al3Ni:uniaxial_x_compression,TRAIN_CANDIDATE,uniaxial_x,-0.015,0,0,20261030,Expansion-75:7c3a09dec9093523eda8a1d8b357c9b40b81b40110c46dfb970b30d243525263,/workspace/ni_al/data/processed/ni_al_expansion_dft_75.extxyz,ff69c2bfed14bfcf48931949647d8f1b3c9353a89c20378c9113155940792137,17e8d7c7d2c765f83a6211c966e422327c743cb0fa2ed9f986d74e27bd30c367,7c3a09dec9093523eda8a1d8b357c9b40b81b40110c46dfb970b30d243525263,7fbfcf86652915134700ecc0a6dc46a1805e612be06df6e187addbd53e0f6e99,fc2c52efcdce6a9691c1852702283766ee05b8716f1e8c8a1c40fc6cdaf3f926,1127c0deb82b4f3b044f684de0abd287a79c70174b9f3867f360ca7d4d00011c
38,cfg031_Al3Ni_uniaxial_y_expansion,train,Expansion-75,Al3Ni,Al12Ni4,uniaxial_y_expansion,uniaxial_y_expansion,Al3Ni_relaxed,Al3Ni:uniaxial_y_expansion,TRAIN_CANDIDATE,uniaxial_y,0.015,0,0,20261031,Expansion-75:d6a43a91cab49b9a86d3e0e8d03d230254fb32b8845d4c4f19172fb596fd4c2d,/workspace/ni_al/data/processed/ni_al_expansion_dft_75.extxyz,ff69c2bfed14bfcf48931949647d8f1b3c9353a89c20378c9113155940792137,baf52fa0047ebab1f00e8eec427d723dd5b1bd53e232ba98e49a45a0b7128181,d6a43a91cab49b9a86d3e0e8d03d230254fb32b8845d4c4f19172fb596fd4c2d,1e54b0e762c7323821f36cff3f8d112a47417859a2ec694030517dae54c0ba43,20d5aee22c14716174836a935b72dd3ec33e8941555ff653ba2ae78feb1e85a7,84ae3478e87c67bba6acb1c1735431d095d84788567be18996253341fdb9faa9
39,cfg049_Al3Ni5_uniaxial_y_compression,train,Expansion-75,Al3Ni5,Al3Ni5,uniaxial_y_compression,uniaxial_y_compression,Al3Ni5_relaxed,Al3Ni5:uniaxial_y_compression,TRAIN_CANDIDATE,uniaxial_y,-0.015,0,0,20261049,Expansion-75:1fcee43b8a8c4c53d4b0dfdda23eddd108dd1c4f4021af9b93b56a099e0e8385,/workspace/ni_al/data/processed/ni_al_expansion_dft_75.extxyz,ff69c2bfed14bfcf48931949647d8f1b3c9353a89c20378c9113155940792137,239716c986d35eed3bc39a0febe8f2df2b0a478d859251432e101c6b550b5b9a,1fcee43b8a8c4c53d4b0dfdda23eddd108dd1c4f4021af9b93b56a099e0e8385,b39af978f4afd501e56a7e72833a3c25d05574d8249ba894d3ace9cc378e35d1,18f7e890b0164e52e6c217e52939154871efd2c9e05349a42fcccfb78dda8479,01ceece5bd8db17a7cd8a8bccfc051c0b6b235565219576e15b4033e6be05d73
40,cfg050_Al3Ni5_orthorhombic_yz,train,Expansion-75,Al3Ni5,Al3Ni5,orthorhombic_yz,orthorhombic_yz,Al3Ni5_relaxed,Al3Ni5:orthorhombic_yz,TRAIN_CANDIDATE,orthorhombic_yz,0.015,0,0,20261050,Expansion-75:896fb37820646eb3596ba69089528f46b511cab78d24ef5f91106a61aadc4e3a,/workspace/ni_al/data/processed/ni_al_expansion_dft_75.extxyz,ff69c2bfed14bfcf48931949647d8f1b3c9353a89c20378c9113155940792137,0e7bf2c60e4e4ef9623a0cdd91f55dbe2bfd2785f86ecaf85d0fe5fa37b3f4fc,896fb37820646eb3596ba69089528f46b511cab78d24ef5f91106a61aadc4e3a,929c9206ef6627a3ba319b1145c3dab6d17f05bd368ae83132e88752d2a602a8,617bdaf3bbf028c691ecb7126c76eac8e0acb88ae260c7f294cd0c5827d5678d,13d4c817800a8f4c6991907d56fda8019cb0a963e2c63bf46df34dab17c3c1c3
41,cfg091_AlNi3_iso_compression,train,Expansion-75,AlNi3,Al1Ni3,iso_compression,iso_compression,AlNi3_relaxed,AlNi3:iso_compression,TRAIN_CANDIDATE,isotropic,-0.03,0,0,20261091,Expansion-75:41fbc8ca79ab21888b9f21d490ebffd453cfc1faf928686e07e6c43896de5b66,/workspace/ni_al/data/processed/ni_al_expansion_dft_75.extxyz,ff69c2bfed14bfcf48931949647d8f1b3c9353a89c20378c9113155940792137,16528aea8480c0b8537e27660b4c4a87bab0857a8df7729c5cde036a6bef2fd6,41fbc8ca79ab21888b9f21d490ebffd453cfc1faf928686e07e6c43896de5b66,3ed5cadcd97cc216eb50661dd75c5aa34ce1102a3b3cbc6ab85fcc727569ed8e,2ea9ab9198d1638007400cd2c3bef1cc745b864b76011a0e1bc52180ac6452d4,f908439e8de17c79f2955cebfc7a143319962e4c1ef49a332084ddc7b5529002
42,cfg064_Al3Ni2_iso_compression,train,Expansion-75,Al3Ni2,Al3Ni2,iso_compression,iso_compression,Al3Ni2_relaxed,Al3Ni2:iso_compression,TRAIN_CANDIDATE,isotropic,-0.03,0,0,20261064,Expansion-75:939f92b586ea643f5ee3fd8dcd7d843581e6e4700cd19d0947daa2487ec58ed3,/workspace/ni_al/data/processed/ni_al_expansion_dft_75.extxyz,ff69c2bfed14bfcf48931949647d8f1b3c9353a89c20378c9113155940792137,da7abda54a09e1176f6a8fb5a1bcc543ce590ddadf6786bbdc9885f58dcfab49,939f92b586ea643f5ee3fd8dcd7d843581e6e4700cd19d0947daa2487ec58ed3,0f084122d37e464587abcdbfdd227f67263d99296bb19374c8e5fb1c57c94b35,9b96dfe8843823fedb23eed6de13172065ffa9ba7fd552575931e74728ccc647,eaf9e8241a9758f15125fa966de79c49d1e50864a7b575298d0d48c600487f5b
43,cfg032_Al3Ni_orthorhombic_xy,train,Expansion-75,Al3Ni,Al12Ni4,orthorhombic_xy,orthorhombic_xy,Al3Ni_relaxed,Al3Ni:orthorhombic_xy,TRAIN_CANDIDATE,orthorhombic_xy,0.015,0,0,20261032,Expansion-75:83617d47ad83bb04e8b85b1aa5559d59cb301ac16fafe3595934362bb2d12e06,/workspace/ni_al/data/processed/ni_al_expansion_dft_75.extxyz,ff69c2bfed14bfcf48931949647d8f1b3c9353a89c20378c9113155940792137,0db926b05f10bec22be5385ce9c4ff5e83055ce19b1afc3320d99567a750ec69,83617d47ad83bb04e8b85b1aa5559d59cb301ac16fafe3595934362bb2d12e06,4d801f9be0b12783cabef95657e6c3500e0753af1253995f128cb882725ed112,207eea09644d9a312a331845c6350343d2222cc31867a859f56c3b43a8845b11,1d58937c91f6e977b5bded831f0b27ef45a523089578a5b2b8da158617e479d9
44,cfg033_Al3Ni_shear_xy_negative,train,Expansion-75,Al3Ni,Al12Ni4,shear_xy_negative,shear_xy_negative,Al3Ni_relaxed,Al3Ni:shear_xy_negative,TRAIN_CANDIDATE,shear_xy,0,0,-0.01,20261033,Expansion-75:f33f083db82ba004db26e01df62107e02d7a1294a657876a08e66d4e3d39e7ad,/workspace/ni_al/data/processed/ni_al_expansion_dft_75.extxyz,ff69c2bfed14bfcf48931949647d8f1b3c9353a89c20378c9113155940792137,52c3d6a0b44b395c08e056d0e8115d9bffa7309733182d71fc61b73a8c6ee242,f33f083db82ba004db26e01df62107e02d7a1294a657876a08e66d4e3d39e7ad,27bf0bca67f777dea03561830d94245346ddfd01aadbc255dec3979bcbf6de35,b9092f7f05651842bb59ac6b1879ca5e24817b0f7f4f155cec9c2d0538508027,8cce4d6df8deff378a2563524c6d93dc3f0add2bdf9e0349b32da01cfc90d79c
45,cfg051_Al3Ni5_shear_xy_negative,train,Expansion-75,Al3Ni5,Al3Ni5,shear_xy_negative,shear_xy_negative,Al3Ni5_relaxed,Al3Ni5:shear_xy_negative,TRAIN_CANDIDATE,shear_xy,0,0,-0.01,20261051,Expansion-75:d4475aebe4d5c31979068f8a5da5dd2eb067237917d5f57f1b3f004daa7ba498,/workspace/ni_al/data/processed/ni_al_expansion_dft_75.extxyz,ff69c2bfed14bfcf48931949647d8f1b3c9353a89c20378c9113155940792137,4bded8e043362a6ae2410c49b2f3943b8861daac227a2b0998e910125329aafd,d4475aebe4d5c31979068f8a5da5dd2eb067237917d5f57f1b3f004daa7ba498,491e7d56ef20a63eabc8944c98a79d2904da1e588987c6343a11f4f4bbc86659,ff0fc1cd33bb1caedc2b6420547358a5050dd5bf27960675c4e282c4fd5c4d4c,e63b82b1ab3db0fdeccecd41f40c348b4240c2b5a8133a7b90797db4344162df
46,cfg052_Al3Ni5_shear_yz_positive,train,Expansion-75,Al3Ni5,Al3Ni5,shear_yz_positive,shear_yz_positive,Al3Ni5_relaxed,Al3Ni5:shear_yz_positive,TRAIN_CANDIDATE,shear_yz,0,0,0.01,20261052,Expansion-75:84a2db407400b9841f23ffa4f1bb53a6c75ae0c581132f605e5adde21c88b90f,/workspace/ni_al/data/processed/ni_al_expansion_dft_75.extxyz,ff69c2bfed14bfcf48931949647d8f1b3c9353a89c20378c9113155940792137,e17a218ab927bec38330a30d3ec6176c6c12cd752df39bca24afd1edf842974b,84a2db407400b9841f23ffa4f1bb53a6c75ae0c581132f605e5adde21c88b90f,9f79fa10d91f4203545bdfd050a008bdd3b0ea2a05d0a11bdeec7db867403e19,81b0ddffd9cb0992739cb7aebb61821bddbb96d23f44b1668a53eed17b35475c,18af2b30789f64aef71226e7e0786ac256c427616c86e966b2f8771e178898a8
47,cfg065_Al3Ni2_iso_expansion,train,Expansion-75,Al3Ni2,Al3Ni2,iso_expansion,iso_expansion,Al3Ni2_relaxed,Al3Ni2:iso_expansion,TRAIN_CANDIDATE,isotropic,0.03,0,0,20261065,Expansion-75:63581776c619da7bc83de3850d5bfbbcef2109fc28c879b04a89e82fac409bfc,/workspace/ni_al/data/processed/ni_al_expansion_dft_75.extxyz,ff69c2bfed14bfcf48931949647d8f1b3c9353a89c20378c9113155940792137,8185631ebdbb8b3b19f2a6886d9e9ad0f206c9095241c430f81cb6f6ff1ed692,63581776c619da7bc83de3850d5bfbbcef2109fc28c879b04a89e82fac409bfc,09595f1544a6a0b1ffd5119b985a3191c88a1a33664fddd291ebd8c000a134c1,effbe4540add9631308f17638254d85358d7f839d3e53a1f6715f1fc10a89b8a,bfab2d91878d75475b63edfdc4952e3a225326d9d660985bb1b277faef0d7c4e
48,cfg066_Al3Ni2_uniaxial_z_expansion,train,Expansion-75,Al3Ni2,Al3Ni2,uniaxial_z_expansion,uniaxial_z_expansion,Al3Ni2_relaxed,Al3Ni2:uniaxial_z_expansion,TRAIN_CANDIDATE,uniaxial_z,0.015,0,0,20261066,Expansion-75:5127090916826fb848382931514a242db5c2f35eb7ad3b621f7d96354bc0ded2,/workspace/ni_al/data/processed/ni_al_expansion_dft_75.extxyz,ff69c2bfed14bfcf48931949647d8f1b3c9353a89c20378c9113155940792137,ebb3242c186f378891287bf1891c2dfc96faeb6d1416c32078f9f063ab7aa474,5127090916826fb848382931514a242db5c2f35eb7ad3b621f7d96354bc0ded2,319d800e994ef2c3ebea41efcf436cbc63ee3133552d63ba1e917a40cc49f9d6,7dcefc214697cb9da0a5d71d12be289d19aab74a8cd8d65b329851eb753754d7,fd4725478dc7a3c43662ea9400be21ea749dd225d55ef0e919cefa194d6ff3a9
49,cfg076_AlNi_iso_compression,train,Expansion-75,AlNi,Al1Ni1,iso_compression,iso_compression,AlNi_relaxed,AlNi:iso_compression,TRAIN_CANDIDATE,isotropic,-0.01,0,0,20261076,Expansion-75:306852114e035f1914aae65fef365f5530fef0ba2ceca3a56d21c34420854820,/workspace/ni_al/data/processed/ni_al_expansion_dft_75.extxyz,ff69c2bfed14bfcf48931949647d8f1b3c9353a89c20378c9113155940792137,7c66b50e95ff7c4d6bdf9250c5dda24bca68d0f34c05913996e9740e9ce5e5b4,306852114e035f1914aae65fef365f5530fef0ba2ceca3a56d21c34420854820,fd79e66f3e4e476d9c86da37482dccf57c40394cb45c15564992da540eeb0016,5f0697acc428ed14d70002e8ff2557d31c4958c1187c69a3ef42864adfa9eb75,7a0f8865fb8e4839c8bf614292699ea5e5459bae2eb9e50f4d450be3cadbef22
50,cfg077_AlNi_iso_expansion,train,Expansion-75,AlNi,Al1Ni1,iso_expansion,iso_expansion,AlNi_relaxed,AlNi:iso_expansion,TRAIN_CANDIDATE,isotropic,0.01,0,0,20261077,Expansion-75:d4686ca28124fac921db70edbe9ece201ab680b1e7862632d629a4775c88280f,/workspace/ni_al/data/processed/ni_al_expansion_dft_75.extxyz,ff69c2bfed14bfcf48931949647d8f1b3c9353a89c20378c9113155940792137,f0138599606ba76a54911d00148daba5b1fcc7aff8ecbce1784c12f236481398,d4686ca28124fac921db70edbe9ece201ab680b1e7862632d629a4775c88280f,4905ddc32a46ae18f6c93a498695c89187c95e9a7842ad736bc91985f57497ff,17b0761f87b081d5cf10757ccc89f12be355c70e2e29df288b65b30710dcbcd1,744d7fed4d037804da5b157e42fab87f0c22148b29ab23bb283f06e4a37eb5cd
51,cfg034_Al3Ni_shear_xz_positive,train,Expansion-75,Al3Ni,Al12Ni4,shear_xz_positive,shear_xz_positive,Al3Ni_relaxed,Al3Ni:shear_xz_positive,TRAIN_CANDIDATE,shear_xz,0,0,0.01,20261034,Expansion-75:8acca00d985229653cecb91d351b5a2a0735e87a926677db6c86165d4a0c246a,/workspace/ni_al/data/processed/ni_al_expansion_dft_75.extxyz,ff69c2bfed14bfcf48931949647d8f1b3c9353a89c20378c9113155940792137,7160e6720b35d8c5602659408bc342a65521fa4ec3930a6cce006b9622ff118d,8acca00d985229653cecb91d351b5a2a0735e87a926677db6c86165d4a0c246a,de1a8f6b4abdcabf03b7aec6f9704a23bbafe309936276824833fb8897d938ab,4e6b46b5223f7428e8f5aeb017fec1e362424a875bc1a392ae4a96c10a0884f4,f916486d047aa6434065ffc68519ab79c0f7fa2f3cee89eee2043276d079bc5c
52,cfg035_Al3Ni_rattle_small,train,Expansion-75,Al3Ni,Al12Ni4,rattle_small,rattle_small,Al3Ni_relaxed,Al3Ni:rattle_small,TRAIN_CANDIDATE,none,0,0.01,0,20261035,Expansion-75:f1eac5751f71e427f842f4b4af74d51aec208b5fcfb460740301e1d265425cbb,/workspace/ni_al/data/processed/ni_al_expansion_dft_75.extxyz,ff69c2bfed14bfcf48931949647d8f1b3c9353a89c20378c9113155940792137,09dc342b0b2eff431b7bdbe861fffcc5838d8c9b7beff0dfac6d62c7656be9c8,f1eac5751f71e427f842f4b4af74d51aec208b5fcfb460740301e1d265425cbb,ccf6835e58e9ece05946ad5970751ab88adadbafd7aa3818390579dab743d456,e392473bdf511986015d8307ac2c1be2e1557ded3d160ca9ccb269c05c5fcdaa,61b564c44355aa9fcedb241b0bd5a26b7324e0439875a327e998db8360cf5f8d
53,cfg053_Al3Ni5_rattle_small,train,Expansion-75,Al3Ni5,Al3Ni5,rattle_small,rattle_small,Al3Ni5_relaxed,Al3Ni5:rattle_small,TRAIN_CANDIDATE,none,0,0.01,0,20261053,Expansion-75:a71b81b90ae1e6f9178b9244e8a20125c0fec0d0e8dbd0181800ee047b5726b6,/workspace/ni_al/data/processed/ni_al_expansion_dft_75.extxyz,ff69c2bfed14bfcf48931949647d8f1b3c9353a89c20378c9113155940792137,f18e69a893a62b88c0cbe7d9767ce8b4620ecf05673b38b7997af6cecf957f24,a71b81b90ae1e6f9178b9244e8a20125c0fec0d0e8dbd0181800ee047b5726b6,5577c07fd47baab165c7194c557cc97a0d565a241aa6460068070355de29cb18,769886add4925471cc2c135e385bf78e2abc9054a6f9bfc0aae0e86622f9f78e,3681555f413da66e08db8d503825f017c54e434bc1d42d48e47e1746799d45aa
54,cfg054_Al3Ni5_rattle_large,train,Expansion-75,Al3Ni5,Al3Ni5,rattle_large,rattle_large,Al3Ni5_relaxed,Al3Ni5:rattle_large,TRAIN_CANDIDATE,none,0,0.04,0,20261054,Expansion-75:e93e0f498702a25850b55d3a44f16c3a5ab62249b813407607f39969f80fcab0,/workspace/ni_al/data/processed/ni_al_expansion_dft_75.extxyz,ff69c2bfed14bfcf48931949647d8f1b3c9353a89c20378c9113155940792137,06d69261125dba6d190f3c1a519be30e3e0c7d9ee3dfca3d21953470b896d065,e93e0f498702a25850b55d3a44f16c3a5ab62249b813407607f39969f80fcab0,067853f60c34472da99153522d06b01e7c423b5eadee9413da6ec182a3f74c7e,13f70399edfacde8d6bbc88d74662c056ddfa65e8aaf4c964a2bc8de69f90b2a,b2169a27cbbaa36b75c447af3412cc2f3619d9ab85f6850fc02f716b10cb18ca
55,cfg067_Al3Ni2_shear_xy_negative,train,Expansion-75,Al3Ni2,Al3Ni2,shear_xy_negative,shear_xy_negative,Al3Ni2_relaxed,Al3Ni2:shear_xy_negative,TRAIN_CANDIDATE,shear_xy,0,0,-0.01,20261067,Expansion-75:43cb01e46147ed3d074fb7dba9ecb795e19903d7a51b67f85ae4d4b0bd76332d,/workspace/ni_al/data/processed/ni_al_expansion_dft_75.extxyz,ff69c2bfed14bfcf48931949647d8f1b3c9353a89c20378c9113155940792137,f980bd7888fcfd7c675ae2f89fe1c6afffa621909b2a709d1c8b70e2984ddce8,43cb01e46147ed3d074fb7dba9ecb795e19903d7a51b67f85ae4d4b0bd76332d,bc3e258f24d5bf73e5ee9273d6322f0589a99ec1095771e255d63a6c64a3d748,7326d6ae31b77d370273e69623d95c9ac33fb6e62149714c3b6c34aa267661ab,92ac034258f8a8b5c0f97e23c4a9188a68ec96c71be92df904c85e5eda93e22b
56,cfg068_Al3Ni2_rattle_small,train,Expansion-75,Al3Ni2,Al3Ni2,rattle_small,rattle_small,Al3Ni2_relaxed,Al3Ni2:rattle_small,TRAIN_CANDIDATE,none,0,0.01,0,20261068,Expansion-75:86a86557e99f16d4a296703412a444edd32fdf16335100eff7023e7c62f33ef4,/workspace/ni_al/data/processed/ni_al_expansion_dft_75.extxyz,ff69c2bfed14bfcf48931949647d8f1b3c9353a89c20378c9113155940792137,220bec71a9d3acf264a15f7eedae7cf5e30d69bd142087abd15bfdccdb72f49b,86a86557e99f16d4a296703412a444edd32fdf16335100eff7023e7c62f33ef4,37d5624c89b976bb503f52759c5e9b610a46ed580d2b35ea83c2d4bcf2d74fa8,ad5a1ed40eb1dac9053199ff587e674e5e8229b2bea462b9ace5835f36538775,e23066be08ccf8d6f10aaf7ce1341015a0cb72452ba21aad6094c37dddb5fa8b
57,cfg078_AlNi_iso_compression,train,Expansion-75,AlNi,Al1Ni1,iso_compression,iso_compression,AlNi_relaxed,AlNi:iso_compression,TRAIN_CANDIDATE,isotropic,-0.03,0,0,20261078,Expansion-75:f8ded2d8f1f09ef7346c9f6190e1ad5ee1e56d7ed907d236a8278b6b87c6092d,/workspace/ni_al/data/processed/ni_al_expansion_dft_75.extxyz,ff69c2bfed14bfcf48931949647d8f1b3c9353a89c20378c9113155940792137,3abb7d30beb78feee89aa9c348d3a79a9e7124b69a7d4f9c4f544dfda3841bfa,f8ded2d8f1f09ef7346c9f6190e1ad5ee1e56d7ed907d236a8278b6b87c6092d,db12932794f99d9304c7db8073f09f7147294f0be4ce6ebec64800a61befb3dc,17b0761f87b081d5cf10757ccc89f12be355c70e2e29df288b65b30710dcbcd1,fd8a58536d1673ec84b87010d8a3dbc4c84619ed9110a0ae8ce9260412027785
58,cfg079_AlNi_iso_expansion,train,Expansion-75,AlNi,Al1Ni1,iso_expansion,iso_expansion,AlNi_relaxed,AlNi:iso_expansion,TRAIN_CANDIDATE,isotropic,0.03,0,0,20261079,Expansion-75:43274457c1f4819220d416c8bbc97c4e3d3896ffcb04343ac16b4345dc9a2e4e,/workspace/ni_al/data/processed/ni_al_expansion_dft_75.extxyz,ff69c2bfed14bfcf48931949647d8f1b3c9353a89c20378c9113155940792137,4ae1785706b452b57a470cb7fd9697c0232bcf4fd33d229d8f09031716a89581,43274457c1f4819220d416c8bbc97c4e3d3896ffcb04343ac16b4345dc9a2e4e,c6cbe4f54ec90c98937b0ca357811ac90f5dcc4f5beedd1f911b8470e7bdb585,185a6ba5f0717fe15d3485c8e69d7d210c7933f41f88091fb450d3d5c549bb94,32721bd9b43c6b75fb17a1c937957d40874612067d49a5003270e632a95a146e
59,cfg036_Al3Ni_rattle_large,train,Expansion-75,Al3Ni,Al12Ni4,rattle_large,rattle_large,Al3Ni_relaxed,Al3Ni:rattle_large,TRAIN_CANDIDATE,none,0,0.04,0,20261036,Expansion-75:d71dc38b11125530c92fd201be19e61a98db8909a4e6177d05f9b96c6e1a82b5,/workspace/ni_al/data/processed/ni_al_expansion_dft_75.extxyz,ff69c2bfed14bfcf48931949647d8f1b3c9353a89c20378c9113155940792137,4cbd3dc21906604aebc0f0cea5ab6cfcf9d64c682b73a7de191df40ac4adc1dd,d71dc38b11125530c92fd201be19e61a98db8909a4e6177d05f9b96c6e1a82b5,77a43c3bd1521c3d870303227dfb108fe311ccc65125fe2cad5deff5124fb482,44d748c23eb18b85e3983615185d1e8026e5b37ce7570e1381ac3c6c6df70569,a1cde1d58918c13208c0ef7160b3741f0e94ecda58ce57ce7695d0e7bdfd6aa9
60,cfg037_Al3Ni_volume_rattle_compression,train,Expansion-75,Al3Ni,Al12Ni4,volume_rattle_compression,volume_rattle_compression,Al3Ni_relaxed,Al3Ni:volume_rattle_compression,TRAIN_CANDIDATE,isotropic,-0.025,0.02,0,20261037,Expansion-75:8cc2b5a84919bf167a96cb4934eaf8af8ce5bf8c0b18cb411f6639452d6603b8,/workspace/ni_al/data/processed/ni_al_expansion_dft_75.extxyz,ff69c2bfed14bfcf48931949647d8f1b3c9353a89c20378c9113155940792137,ee886545d2e4fd7745350117150032ab9cf771c55d4a798a6997a0d726213d8e,8cc2b5a84919bf167a96cb4934eaf8af8ce5bf8c0b18cb411f6639452d6603b8,9a1bc13b0c6b343129b1650d39b3efe5df5e0345580e1d2a6551a5bb989d4336,d94271838be08cffab07da801d8956a0e4979061de8970f0a9da4b30c161fd8c,370b88ab7a01c402d866a4ef6230a2ec460b1844d49686f04cd6d8b7670a7bf3
61,cfg055_Al3Ni5_volume_rattle_compression,train,Expansion-75,Al3Ni5,Al3Ni5,volume_rattle_compression,volume_rattle_compression,Al3Ni5_relaxed,Al3Ni5:volume_rattle_compression,TRAIN_CANDIDATE,isotropic,-0.025,0.02,0,20261055,Expansion-75:e82afbbf5014d4991165ace425633078a7dda816cb386774e4f27ec4998d94c4,/workspace/ni_al/data/processed/ni_al_expansion_dft_75.extxyz,ff69c2bfed14bfcf48931949647d8f1b3c9353a89c20378c9113155940792137,aef33ade05757a2a1ec121e554c903bb90678f39329705b03b494143ae5ecd4b,e82afbbf5014d4991165ace425633078a7dda816cb386774e4f27ec4998d94c4,f59c0a6100a9205342b5fc14aba7df116502c8b23fce8957e46a34cc2e84d97f,fc6cd63328f1b83c3b893759b1441828acdf234a575ae6330f641872865e61b7,0b00ba2ddf0fb51ccb3aaf75f7950b440a29548b5889f4daed991cf14495d0f4
62,cfg092_AlNi3_iso_expansion,train,Expansion-75,AlNi3,Al1Ni3,iso_expansion,iso_expansion,AlNi3_relaxed,AlNi3:iso_expansion,TRAIN_CANDIDATE,isotropic,0.03,0,0,20261092,Expansion-75:891c375850c424f78e4d45d5940a2446290cf1eb9a2aebf35c9542c8d20fe173,/workspace/ni_al/data/processed/ni_al_expansion_dft_75.extxyz,ff69c2bfed14bfcf48931949647d8f1b3c9353a89c20378c9113155940792137,6f4f567c540e32b272a285f0a89894ad0a2cb3b15563405ce52de5d7ab9c3bff,891c375850c424f78e4d45d5940a2446290cf1eb9a2aebf35c9542c8d20fe173,715e9e07688f5568e619c7c408e2b9392ec13984123eae838c1619e45bb8603e,2ea9ab9198d1638007400cd2c3bef1cc745b864b76011a0e1bc52180ac6452d4,1a87724af773a92f4656da113d5837694a1f53f9211ba62b880e0bc2ce6c72c0
63,cfg093_AlNi3_uniaxial_y_compression,train,Expansion-75,AlNi3,Al1Ni3,uniaxial_y_compression,uniaxial_y_compression,AlNi3_relaxed,AlNi3:uniaxial_y_compression,TRAIN_CANDIDATE,uniaxial_y,-0.015,0,0,20261093,Expansion-75:35a9690036c733b7d3f14afe0f610991a4d7ae582f6348931ae593822a30d2dc,/workspace/ni_al/data/processed/ni_al_expansion_dft_75.extxyz,ff69c2bfed14bfcf48931949647d8f1b3c9353a89c20378c9113155940792137,13b738ff4f8320507008eb90cb6ceca75b4160de183207c98abc2ada28a7eadd,35a9690036c733b7d3f14afe0f610991a4d7ae582f6348931ae593822a30d2dc,4c8d4b0e011445dfd13da0dd06da0f312a495c7fc5e08ec1465340f189c451d2,2ea9ab9198d1638007400cd2c3bef1cc745b864b76011a0e1bc52180ac6452d4,162c60ac03d1a91565ca7b91c22a88a35a1939c46dbb99fb81124ab842439db3
64,cfg069_Al3Ni2_rattle_large,train,Expansion-75,Al3Ni2,Al3Ni2,rattle_large,rattle_large,Al3Ni2_relaxed,Al3Ni2:rattle_large,TRAIN_CANDIDATE,none,0,0.04,0,20261069,Expansion-75:b866cc17bbdb99e7df16fc84b5260e1fe1f317ac81371c060e2fc7d3e5e77e17,/workspace/ni_al/data/processed/ni_al_expansion_dft_75.extxyz,ff69c2bfed14bfcf48931949647d8f1b3c9353a89c20378c9113155940792137,c303c18571c0476e4c2579001da5a3b3015a701219d8e5bdcb70d712d2acd832,b866cc17bbdb99e7df16fc84b5260e1fe1f317ac81371c060e2fc7d3e5e77e17,6ed1e8f0122f11549ec62032d3086ad08c7d4d3f5e25b22cf2e9f296ad235007,321c73e3874e3e0965a827b2ddf522b968c49372a7fab909874a8deb4eccbc64,223a9539e4555015b9836b39e054c8afdd203b95bc3784b8e766fe85dc68e7d5
65,cfg070_Al3Ni2_volume_rattle_compression,train,Expansion-75,Al3Ni2,Al3Ni2,volume_rattle_compression,volume_rattle_compression,Al3Ni2_relaxed,Al3Ni2:volume_rattle_compression,TRAIN_CANDIDATE,isotropic,-0.025,0.02,0,20261070,Expansion-75:a0385663d84d301a5c0f8db70c4ccc939602075150009e8d7c59a2c560b0f3a3,/workspace/ni_al/data/processed/ni_al_expansion_dft_75.extxyz,ff69c2bfed14bfcf48931949647d8f1b3c9353a89c20378c9113155940792137,a8a9b1337b97fdcb811563ec501951c28d56b59b7c6a1cf295a09164e97806fc,a0385663d84d301a5c0f8db70c4ccc939602075150009e8d7c59a2c560b0f3a3,49551e0223511807dc66a07d354ddb1c26f080ea41111ed6f6c7c730b424d20d,a91453810e64a74837f8e8504185c95721e4077ca8f8677b29d1efaaffbd50bc,81c824c7244ed30402b04f6dcb2e640323d187f850315a567f76a6222232f8e4
66,cfg038_Al3Ni_shear_rattle_yz,train,Expansion-75,Al3Ni,Al12Ni4,shear_rattle_yz,shear_rattle_yz,Al3Ni_relaxed,Al3Ni:shear_rattle_yz,TRAIN_CANDIDATE,shear_yz,0,0.025,0.02,20261038,Expansion-75:7732d6f9245150ab17a8c08d0b7297c508fc5c517b3f952b68ae60b0f461b233,/workspace/ni_al/data/processed/ni_al_expansion_dft_75.extxyz,ff69c2bfed14bfcf48931949647d8f1b3c9353a89c20378c9113155940792137,3404bb20195a23f9c96c74a776675bc08a9a9dd82e0a02b7ab46ae06360b820a,7732d6f9245150ab17a8c08d0b7297c508fc5c517b3f952b68ae60b0f461b233,74684908fcdf85dd9fd175748abec6a7a0523db2a1552fd0aaf87b4ad074db60,02f04fbc6aabcb4f0c600bd3457bed9c301e658951e1da9ca0ed4a78efc6e5d5,f741e617e18e166e815c5453cddb55d3bba75ba50274abbba192092496dd0c1c
69,cfg094_AlNi3_shear_xy_negative,train,Expansion-75,AlNi3,Al1Ni3,shear_xy_negative,shear_xy_negative,AlNi3_relaxed,AlNi3:shear_xy_negative,TRAIN_CANDIDATE,shear_xy,0,0,-0.01,20261094,Expansion-75:a118a5399e5f1499bc8a57aaf398c5b9cdf48930930bda7da0741a59135bc1e5,/workspace/ni_al/data/processed/ni_al_expansion_dft_75.extxyz,ff69c2bfed14bfcf48931949647d8f1b3c9353a89c20378c9113155940792137,8681d8aeb6c32f11c9dbe82ff5f4982216fe0651bdd5e997c537616ab83bc89b,a118a5399e5f1499bc8a57aaf398c5b9cdf48930930bda7da0741a59135bc1e5,67bf3ec488687b09055786cb67d335c9738e6d99df26e6a40873a88c95bfc286,2ea9ab9198d1638007400cd2c3bef1cc745b864b76011a0e1bc52180ac6452d4,80bd5ca0a5c552aa9f1883fc5aa74b2b036e2a4ac41902546d0b5e2cba4f7106
70,cfg095_AlNi3_rattle_small,train,Expansion-75,AlNi3,Al1Ni3,rattle_small,rattle_small,AlNi3_relaxed,AlNi3:rattle_small,TRAIN_CANDIDATE,none,0,0.01,0,20261095,Expansion-75:eb767dee8d74be1d787d2648f6cdea785a0a71702217db1bc2b9e4fee1d3d0cf,/workspace/ni_al/data/processed/ni_al_expansion_dft_75.extxyz,ff69c2bfed14bfcf48931949647d8f1b3c9353a89c20378c9113155940792137,eac4cf201441ee4df749383fd9d68744790652423c207e7123019053bc3011b2,eb767dee8d74be1d787d2648f6cdea785a0a71702217db1bc2b9e4fee1d3d0cf,3732424a113da6ea7a8f12b6c014dce2408df129f827afa4e0f7ea7e4075ca99,fa751330b58e96090aae29abe8daa19d2268c4781fa2716bc3ac6f5820907b66,d7bf2eb11f3ebbb483246ca5922d4e494c98d44a5844a6414705a70f68eb7e3b
76,cfg096_AlNi3_rattle_large,train,Expansion-75,AlNi3,Al1Ni3,rattle_large,rattle_large,AlNi3_relaxed,AlNi3:rattle_large,TRAIN_CANDIDATE,none,0,0.04,0,20261096,Expansion-75:85f52160851f7cd707867929a28b79a260e2a4795e61208bd4dd87393ccfcb10,/workspace/ni_al/data/processed/ni_al_expansion_dft_75.extxyz,ff69c2bfed14bfcf48931949647d8f1b3c9353a89c20378c9113155940792137,0e87ebf4ad8a5bbd24f731236b7b14b0288dd5319045e4b19bfe53389f76dd74,85f52160851f7cd707867929a28b79a260e2a4795e61208bd4dd87393ccfcb10,899a049e88f741dfba2fc689878b1af2dbbc8878ec2c6d033355de61eaa935d8,e22af1791bc00b43a86959ec4f0b7780701d3dba20a99b1d2e1185a211234f69,b64b91ca651093e96cb369a8f2de27a0da14636c53043c4b37998616e4fc3f75
79,cfg080_AlNi_uniaxial_x_expansion,train,Expansion-75,AlNi,Al1Ni1,uniaxial_x_expansion,uniaxial_x_expansion,AlNi_relaxed,AlNi:uniaxial_x_expansion,TRAIN_CANDIDATE,uniaxial_x,0.015,0,0,20261080,Expansion-75:fb794e8beced9ea27e39f186303f6c880e9afbbc4c34e11ff82c3b374321a6c0,/workspace/ni_al/data/processed/ni_al_expansion_dft_75.extxyz,ff69c2bfed14bfcf48931949647d8f1b3c9353a89c20378c9113155940792137,c4d32edd7a731afd9fa0415795c14cf4c629825c8a4e793099025939aaa6aaf9,fb794e8beced9ea27e39f186303f6c880e9afbbc4c34e11ff82c3b374321a6c0,5819487429c9df936e7ab6ad78efb6ac707cc4aaac43e3fa2141228af6fca63f,17b0761f87b081d5cf10757ccc89f12be355c70e2e29df288b65b30710dcbcd1,4078251f2885f09f0e413e127cf16e3ff4de8330a498c66bd8505719a9e4d2a8
80,cfg081_AlNi_shear_xy_negative,train,Expansion-75,AlNi,Al1Ni1,shear_xy_negative,shear_xy_negative,AlNi_relaxed,AlNi:shear_xy_negative,TRAIN_CANDIDATE,shear_xy,0,0,-0.01,20261081,Expansion-75:03ef2b56bae196fd0ecaf6e60dc641a5cb646396efde5aa3165bfb8748928b44,/workspace/ni_al/data/processed/ni_al_expansion_dft_75.extxyz,ff69c2bfed14bfcf48931949647d8f1b3c9353a89c20378c9113155940792137,8bf7a3953d98cf142ec6a52371408951c8e0490c12afcd2c178ba54e5e57b69c,03ef2b56bae196fd0ecaf6e60dc641a5cb646396efde5aa3165bfb8748928b44,2eb1299b839329de2d5fc899984307cef765c99c16a9591a8a566530474189e7,17b0761f87b081d5cf10757ccc89f12be355c70e2e29df288b65b30710dcbcd1,9c2825157add2f2ba3ba58ddcba2b47c54c308141921f8d2f73be515e4100fd6
81,cfg082_AlNi_rattle_small,train,Expansion-75,AlNi,Al1Ni1,rattle_small,rattle_small,AlNi_relaxed,AlNi:rattle_small,TRAIN_CANDIDATE,none,0,0.01,0,20261082,Expansion-75:4340988fbb90e74f1f809a7a5689b8529fac355e8171a06978443abec26a0cf5,/workspace/ni_al/data/processed/ni_al_expansion_dft_75.extxyz,ff69c2bfed14bfcf48931949647d8f1b3c9353a89c20378c9113155940792137,2bfa058bd8fb8b74c60f77f264fd623562fb043ba37f8f78fb5824dd2ac9eee2,4340988fbb90e74f1f809a7a5689b8529fac355e8171a06978443abec26a0cf5,78b51d54773f2eea7e6d684180b29d86264c8dd182478f9a301a2de4ebd6376b,1dedf58b3566efd4938ece8eb0ceb3eadd0c8f62a34341cfdf968d8b60001dec,0dccac2039d8016f634e8af2b6e750da670bb585fd2b71b5b9e86901c4d64ee3
88,cfg083_AlNi_rattle_large,train,Expansion-75,AlNi,Al1Ni1,rattle_large,rattle_large,AlNi_relaxed,AlNi:rattle_large,TRAIN_CANDIDATE,none,0,0.04,0,20261083,Expansion-75:a01c2b7af25d3e6db8db3ca24661f0d9bea40bf9214aec4051dcbecb8b29759c,/workspace/ni_al/data/processed/ni_al_expansion_dft_75.extxyz,ff69c2bfed14bfcf48931949647d8f1b3c9353a89c20378c9113155940792137,5afe1f7431e95196094dcbdd00d2a650099fa32b3416d1d34949d2c7ad5c7b8d,a01c2b7af25d3e6db8db3ca24661f0d9bea40bf9214aec4051dcbecb8b29759c,4ae6016bfb2f15db99578005793c54b641494437acf5570d92abbc430ed99e93,96119ec74f37fa9d88f36a6dde1c411757e0c4725cbce69cf13c674f8bb5df40,5c519ceb75c26c2f98993cc6490bb548dfef5d4a23e0ce3a97779709397f9398
89,cfg084_AlNi_volume_rattle_compression,train,Expansion-75,AlNi,Al1Ni1,volume_rattle_compression,volume_rattle_compression,AlNi_relaxed,AlNi:volume_rattle_compression,TRAIN_CANDIDATE,isotropic,-0.025,0.02,0,20261084,Expansion-75:ea2acbdebf2b6b61f45452833ba2e43cf2d46e28675493caeda07212e051a114,/workspace/ni_al/data/processed/ni_al_expansion_dft_75.extxyz,ff69c2bfed14bfcf48931949647d8f1b3c9353a89c20378c9113155940792137,c15abba6b83cec2bdc7d9088ec288e471734de0ec95f50479e7edf37dd4617e8,ea2acbdebf2b6b61f45452833ba2e43cf2d46e28675493caeda07212e051a114,7e8690ddc51da90ee8a13e56f78f1e42ea7899b68855eb98c9de02af425ece38,cd8b0b0bba3cb63a769f640e3ff3389818513078deed59498cc583e4acaf7a40,2448cfc5c8dc94b9bb4c748e5e390660268fbb6ad7694591ad1ecf4ef17c0c32
