dataset_origin,config_type,count
Expansion-75,biaxial_xy_compression,1
Expansion-75,biaxial_xy_expansion,1
Expansion-75,biaxial_xz_compression,2
Expansion-75,biaxial_yz_expansion,1
Expansion-75,iso_compression,10
Expansion-75,iso_expansion,10
Expansion-75,orthorhombic_xy,2
Expansion-75,orthorhombic_xz,1
Expansion-75,orthorhombic_yz,2
Expansion-75,rattle_large,5
Expansion-75,rattle_medium,1
Expansion-75,rattle_small,5
Expansion-75,rattle_xlarge,1
Expansion-75,shear_rattle_xy_negative,1
Expansion-75,shear_rattle_xz_negative,1
Expansion-75,shear_rattle_xz_positive,2
Expansion-75,shear_rattle_yz,1
Expansion-75,shear_rattle_yz_negative,1
Expansion-75,shear_rattle_yz_positive,1
Expansion-75,shear_xy_negative,5
Expansion-75,shear_xz_negative,2
Expansion-75,shear_xz_positive,1
Expansion-75,shear_yz_negative,1
Expansion-75,shear_yz_positive,1
Expansion-75,uniaxial_x_compression,1
Expansion-75,uniaxial_x_expansion,2
Expansion-75,uniaxial_y_compression,2
Expansion-75,uniaxial_y_expansion,1
Expansion-75,uniaxial_z_compression,1
Expansion-75,uniaxial_z_expansion,1
Expansion-75,volume_rattle_compression,5
Expansion-75,volume_rattle_expansion,3
Pilot-25,iso_m02,5
Pilot-25,iso_p02,5
Pilot-25,rattle_003,5
Pilot-25,relaxed,5
Pilot-25,shear015_rattle002,5
