index,config_id,phase,config_type,dataset_origin,source_record,natoms,energy_eV,energy_sha256_float64,forces_shape,forces_sha256_float64,stress_shape,stress_sha256_float64,original_dataset,original_dataset_sha256,provenance,canonical_input,canonical_input_sha256,qe_output_sha256
0,AlNi_iso_m02,AlNi,iso_m02,Pilot-25,Pilot-25:AlNi_iso_m02,2,-5209.2644583555648,c9a220b27383ea0adeac814920cb27fdb257928dfc1fb255428ea9274459cc32,2x3,17b0761f87b081d5cf10757ccc89f12be355c70e2e29df288b65b30710dcbcd1,6,e43a4e5dfd711a0263adbb35828bd43cf202f481293f33ccda94be3226875b5f,/workspace/ni_al/data/processed/ni_al_pilot_dft_25.extxyz,35b2b65fe77d181b5da30dd23bbb7ff9fc4f41c0c0f603738172e2f833ab5b0b,/workspace/ni_al/configs/PILOT25_PROVENANCE.txt,historical_not_recorded,historical_not_recorded,historical_not_recorded
1,AlNi_iso_p02,AlNi,iso_p02,Pilot-25,Pilot-25:AlNi_iso_p02,2,-5209.2711444646948,e733787461ae3fa9eafaac7a8882484c3d3f40783a57ae64ea002b90a1a09392,2x3,17b0761f87b081d5cf10757ccc89f12be355c70e2e29df288b65b30710dcbcd1,6,6586d46d01504070f54d0dc4047bfabcc365ecd5f0c46a416777214a5df2afbb,/workspace/ni_al/data/processed/ni_al_pilot_dft_25.extxyz,35b2b65fe77d181b5da30dd23bbb7ff9fc4f41c0c0f603738172e2f833ab5b0b,/workspace/ni_al/configs/PILOT25_PROVENANCE.txt,historical_not_recorded,historical_not_recorded,historical_not_recorded
2,AlNi_rattle_003,AlNi,rattle_003,Pilot-25,Pilot-25:AlNi_rattle_003,2,-5209.2808785209309,43d7a416f558e40babcb8481958ff16be2ac72ad59ddb0eb19050ad56cb6d88b,2x3,7c4ed1dddcca9fd50c911db3a8a3c7cc22b069bc547373ffae48ee396497a3f8,6,dc49b121d4152e8e4f3799f40a00f1920e951361ad979521189315d596a5735f,/workspace/ni_al/data/processed/ni_al_pilot_dft_25.extxyz,35b2b65fe77d181b5da30dd23bbb7ff9fc4f41c0c0f603738172e2f833ab5b0b,/workspace/ni_al/configs/PILOT25_PROVENANCE.txt,historical_not_recorded,historical_not_recorded,historical_not_recorded
3,AlNi_shear015_rattle002,AlNi,shear015_rattle002,Pilot-25,Pilot-25:AlNi_shear015_rattle002,2,-5209.2998539712989,e5bad3b1f00dd09a8320fddaf66649efdd01555f28f4d3ac357ca91b0e2070dc,2x3,7acbd4958c47f68039f7cf6a151d3e9b1aa08d52c1a28f5ce039d91d4f1d10c0,6,29e3560e5033f263b5ebc192d846fb1bdc54da712bde7bec0952ade511289f32,/workspace/ni_al/data/processed/ni_al_pilot_dft_25.extxyz,35b2b65fe77d181b5da30dd23bbb7ff9fc4f41c0c0f603738172e2f833ab5b0b,/workspace/ni_al/configs/PILOT25_PROVENANCE.txt,historical_not_recorded,historical_not_recorded,historical_not_recorded
4,Al3Ni2_iso_m02,Al3Ni2,iso_m02,Pilot-25,Pilot-25:Al3Ni2_iso_m02,5,-10956.400671770292,558c01ccda585629fd2979815bef3eaac6130e65f1856f2442a98aeca175c550,5x3,6e731704d97ce927bc94f99ebe86e4782210f8b2d612c5a461d00c62199eee24,6,cf6f10df2f39af93f000748bb772a946b9537d236b27ce1e168a571b43b87309,/workspace/ni_al/data/processed/ni_al_pilot_dft_25.extxyz,35b2b65fe77d181b5da30dd23bbb7ff9fc4f41c0c0f603738172e2f833ab5b0b,/workspace/ni_al/configs/PILOT25_PROVENANCE.txt,historical_not_recorded,historical_not_recorded,historical_not_recorded
5,Al3Ni2_iso_p02,Al3Ni2,iso_p02,Pilot-25,Pilot-25:Al3Ni2_iso_p02,5,-10956.415877763709,3e18a25b20cdfd1296284898c291326cf9a0f5acc60f8680029793ff92b06708,5x3,cd9e9212e25c7344f3a6c89392244660eadb781563e294ceb7f179c60955db94,6,f8df47a211b8a471f8b8619ae1926fb205f1a99538ca01e66a0be963c7b72a19,/workspace/ni_al/data/processed/ni_al_pilot_dft_25.extxyz,35b2b65fe77d181b5da30dd23bbb7ff9fc4f41c0c0f603738172e2f833ab5b0b,/workspace/ni_al/configs/PILOT25_PROVENANCE.txt,historical_not_recorded,historical_not_recorded,historical_not_recorded
6,Al3Ni2_rattle_003,Al3Ni2,rattle_003,Pilot-25,Pilot-25:Al3Ni2_rattle_003,5,-10956.481578425541,402f87239ac61a404caabe7285e6ccdfb8f01a7f88afd33ac4ac811e5cfb28e8,5x3,aa7abeed7450ddb18ebf9a20900a5296d8cedfec07774f270924114de306aa2d,6,0e72892518c29638379d3fdcd77b3f580ce38829427a6b7350250037ce04769a,/workspace/ni_al/data/processed/ni_al_pilot_dft_25.extxyz,35b2b65fe77d181b5da30dd23bbb7ff9fc4f41c0c0f603738172e2f833ab5b0b,/workspace/ni_al/configs/PILOT25_PROVENANCE.txt,historical_not_recorded,historical_not_recorded,historical_not_recorded
7,Al3Ni2_shear015_rattle002,Al3Ni2,shear015_rattle002,Pilot-25,Pilot-25:Al3Ni2_shear015_rattle002,5,-10956.479340153161,cd8a000d7e76d6e3ed55a486145b768abebce48c5ccc5d23db28c31035a77dcc,5x3,6aa08a88de9739bfb69620b735515b12c48962d295a094ff7f59c94c02198fca,6,17dcd208fa7debfde534e452fadf5560a16cac5ad44f5e236dd2cdd3918be6e4,/workspace/ni_al/data/processed/ni_al_pilot_dft_25.extxyz,35b2b65fe77d181b5da30dd23bbb7ff9fc4f41c0c0f603738172e2f833ab5b0b,/workspace/ni_al/configs/PILOT25_PROVENANCE.txt,historical_not_recorded,historical_not_recorded,historical_not_recorded
8,AlNi3_iso_m02,AlNi3,iso_m02,Pilot-25,Pilot-25:AlNi3_iso_m02,4,-14550.746648508584,44fd566b640ddf3b65cf8c68348b47444ae2de2a018400c81dfc488e9a6b8dc2,4x3,2ea9ab9198d1638007400cd2c3bef1cc745b864b76011a0e1bc52180ac6452d4,6,d7e195a61bdeb84a1d0259405563e23be24243fd61d1a21bdfb43acfe52b8826,/workspace/ni_al/data/processed/ni_al_pilot_dft_25.extxyz,35b2b65fe77d181b5da30dd23bbb7ff9fc4f41c0c0f603738172e2f833ab5b0b,/workspace/ni_al/configs/PILOT25_PROVENANCE.txt,historical_not_recorded,historical_not_recorded,historical_not_recorded
9,AlNi3_iso_p02,AlNi3,iso_p02,Pilot-25,Pilot-25:AlNi3_iso_p02,4,-14550.762379273538,9bb46fc13f487e235aeb61325fc1a3491af4f2237226e6c0d7d8fdb0392a4e4d,4x3,2ea9ab9198d1638007400cd2c3bef1cc745b864b76011a0e1bc52180ac6452d4,6,8c45354f25639ce5724536c7381c3f4f52ca6ffb3ab87d4e5fbab4a2529d524d,/workspace/ni_al/data/processed/ni_al_pilot_dft_25.extxyz,35b2b65fe77d181b5da30dd23bbb7ff9fc4f41c0c0f603738172e2f833ab5b0b,/workspace/ni_al/configs/PILOT25_PROVENANCE.txt,historical_not_recorded,historical_not_recorded,historical_not_recorded
10,AlNi3_rattle_003,AlNi3,rattle_003,Pilot-25,Pilot-25:AlNi3_rattle_003,4,-14550.816738366631,099a454e6b8470db9d204e97f1f1f55a87c01631dd41765b03cb8aecdb61f94a,4x3,64839b485ab51d88f175cbdb1b32264168001aa59c01753ea61e0a9fb2635296,6,a83249539093b99537e1af444feee27e16f775b789e62f183e81788ea9ea6ea7,/workspace/ni_al/data/processed/ni_al_pilot_dft_25.extxyz,35b2b65fe77d181b5da30dd23bbb7ff9fc4f41c0c0f603738172e2f833ab5b0b,/workspace/ni_al/configs/PILOT25_PROVENANCE.txt,historical_not_recorded,historical_not_recorded,historical_not_recorded
11,AlNi3_shear015_rattle002,AlNi3,shear015_rattle002,Pilot-25,Pilot-25:AlNi3_shear015_rattle002,4,-14550.80912053972,60b44e6ceed3c1e562658cef60b489786479213b2c9ac86ad84e0e30f3512e38,4x3,1b9f8d7a57aaf959ea8486da2bc43895e50e697aaf891e36b43cbf2033fc8f1b,6,0b76a860994cecdec26c1a1fc2d93e07a0e58be2d535af78dc6ff50f152b1967,/workspace/ni_al/data/processed/ni_al_pilot_dft_25.extxyz,35b2b65fe77d181b5da30dd23bbb7ff9fc4f41c0c0f603738172e2f833ab5b0b,/workspace/ni_al/configs/PILOT25_PROVENANCE.txt,historical_not_recorded,historical_not_recorded,historical_not_recorded
12,Al3Ni5_iso_m02,Al3Ni5,iso_m02,Pilot-25,Pilot-25:Al3Ni5_iso_m02,8,-24969.43088902333,3ffac4f66aa440d60b530312a7fa4e0bfde055312f0a9213f6c8509edf2fa6e6,8x3,fc1fef302ba24a22152e19cd598c4e89dcabc56660656befaabc460788ebe546,6,863a54da8fec6a9ac006f762ea658c0bda21d25d0012a7bbe978fa04d2b07f73,/workspace/ni_al/data/processed/ni_al_pilot_dft_25.extxyz,35b2b65fe77d181b5da30dd23bbb7ff9fc4f41c0c0f603738172e2f833ab5b0b,/workspace/ni_al/configs/PILOT25_PROVENANCE.txt,historical_not_recorded,historical_not_recorded,historical_not_recorded
13,Al3Ni5_iso_p02,Al3Ni5,iso_p02,Pilot-25,Pilot-25:Al3Ni5_iso_p02,8,-24969.461407950905,0f58f5a0b7a709cd4d4a1d69fae3aa84a40dc8a18e93bec5fa85ed43b29fcd80,8x3,87a8a2fdf53656d6a0c7da84cba3839c0c0a6802aa41f3db198b4f01416fb75d,6,d1a27ce299b5526fd3e3c02076b3b998f230405acd39148aef05ec80801aba37,/workspace/ni_al/data/processed/ni_al_pilot_dft_25.extxyz,35b2b65fe77d181b5da30dd23bbb7ff9fc4f41c0c0f603738172e2f833ab5b0b,/workspace/ni_al/configs/PILOT25_PROVENANCE.txt,historical_not_recorded,historical_not_recorded,historical_not_recorded
14,Al3Ni5_rattle_003,Al3Ni5,rattle_003,Pilot-25,Pilot-25:Al3Ni5_rattle_003,8,-24969.569102172714,ab733c40d7642a20520aea7469ec00e34f92555fabc725527692f5a44036eb22,8x3,45dc8de47c3967347700c6fddec3638227e26b9b6fb83dd720f95c3f80c2d8f2,6,cbc90a49f1b3408eee7650f9708628735d1022460713a5b50bfd94e3615a3318,/workspace/ni_al/data/processed/ni_al_pilot_dft_25.extxyz,35b2b65fe77d181b5da30dd23bbb7ff9fc4f41c0c0f603738172e2f833ab5b0b,/workspace/ni_al/configs/PILOT25_PROVENANCE.txt,historical_not_recorded,historical_not_recorded,historical_not_recorded
15,Al3Ni5_shear015_rattle002,Al3Ni5,shear015_rattle002,Pilot-25,Pilot-25:Al3Ni5_shear015_rattle002,8,-24969.568178074118,ffe2a972022b7d81be7a5646786849f36ad50bd683b57be663f2cb7273ac6026,8x3,a3a8dea8b756362204c0b3cda6234f8d41303ee1df326ca55542396505872f7a,6,d0381f804337584af71e8cd524e54f1dcccdc9e031cb885e890c639ab1d7fd0d,/workspace/ni_al/data/processed/ni_al_pilot_dft_25.extxyz,35b2b65fe77d181b5da30dd23bbb7ff9fc4f41c0c0f603738172e2f833ab5b0b,/workspace/ni_al/configs/PILOT25_PROVENANCE.txt,historical_not_recorded,historical_not_recorded,historical_not_recorded
16,Al3Ni_iso_m02,Al3Ni,iso_m02,Pilot-25,Pilot-25:Al3Ni_iso_m02,16,-25137.850931275556,7221ee1cdd557c45e5da0bd9ad8e8d271bf8caffd734e89dfa2063e4bc6eb45d,16x3,c021c1ab2010a4fca7fe882acbf0edc981230b9741edfc9ce71c07d4788f7154,6,4092e0b6b514587aa60c8143dd8b5f8d80d1ba6e0412f54062232ebc3f1e3262,/workspace/ni_al/data/processed/ni_al_pilot_dft_25.extxyz,35b2b65fe77d181b5da30dd23bbb7ff9fc4f41c0c0f603738172e2f833ab5b0b,/workspace/ni_al/configs/PILOT25_PROVENANCE.txt,historical_not_recorded,historical_not_recorded,historical_not_recorded
17,Al3Ni_iso_p02,Al3Ni,iso_p02,Pilot-25,Pilot-25:Al3Ni_iso_p02,16,-25137.891685084887,6ed4addcd1b6341f64255dd1df7d33f10758b6d931a1fa5503f5e2cae0f8c590,16x3,413c71cbc2b843c248f2454de6a2133772445931e0adf491cbc2b17cfc5a331b,6,c771faf9e0021d73f8cb8c0321e965f2f1f304286a51f2b5d4fbb0a9236637cf,/workspace/ni_al/data/processed/ni_al_pilot_dft_25.extxyz,35b2b65fe77d181b5da30dd23bbb7ff9fc4f41c0c0f603738172e2f833ab5b0b,/workspace/ni_al/configs/PILOT25_PROVENANCE.txt,historical_not_recorded,historical_not_recorded,historical_not_recorded
18,Al3Ni_rattle_003,Al3Ni,rattle_003,Pilot-25,Pilot-25:Al3Ni_rattle_003,16,-25138.049826355193,5c7959b459315f3337c5d0ff86b7715c8e4714abee88b8e7f55c223d28e0d81f,16x3,6145a5787dcf390e5c09ea55a1ae5a0f783b6ee839c7f7f7f1559ef724105168,6,7d555242071f151f175b71babb4e2d93eee8806dba1c305b0e477dd200117775,/workspace/ni_al/data/processed/ni_al_pilot_dft_25.extxyz,35b2b65fe77d181b5da30dd23bbb7ff9fc4f41c0c0f603738172e2f833ab5b0b,/workspace/ni_al/configs/PILOT25_PROVENANCE.txt,historical_not_recorded,historical_not_recorded,historical_not_recorded
19,Al3Ni_shear015_rattle002,Al3Ni,shear015_rattle002,Pilot-25,Pilot-25:Al3Ni_shear015_rattle002,16,-25138.110185558427,094f8a1b27c3f6d619df7e93d2335be5e637db1a64eaf9df742fd2790ae13008,16x3,33994aeba741bc2573c0c41bbee6e3542383b488fe582c90c3d334278250acfe,6,79724f2f5dda93e05e12a941a45d1a2fcd87ba2239553eef3331e220b92936c7,/workspace/ni_al/data/processed/ni_al_pilot_dft_25.extxyz,35b2b65fe77d181b5da30dd23bbb7ff9fc4f41c0c0f603738172e2f833ab5b0b,/workspace/ni_al/configs/PILOT25_PROVENANCE.txt,historical_not_recorded,historical_not_recorded,historical_not_recorded
20,AlNi_relaxed,AlNi,relaxed,Pilot-25,Pilot-25:AlNi_relaxed,2,-5209.3114103739126,6437969a4c20abac71d48040afce99a4bd8dc285eba4fdf6ea39462d3bfed88d,2x3,17b0761f87b081d5cf10757ccc89f12be355c70e2e29df288b65b30710dcbcd1,6,1b83ca7f59cd6334d1fca4de17a0594039d61b24807002ef0ab149ea6539f047,/workspace/ni_al/data/processed/ni_al_pilot_dft_25.extxyz,35b2b65fe77d181b5da30dd23bbb7ff9fc4f41c0c0f603738172e2f833ab5b0b,/workspace/ni_al/configs/PILOT25_PROVENANCE.txt,historical_not_recorded,historical_not_recorded,historical_not_recorded
21,Al3Ni2_relaxed,Al3Ni2,relaxed,Pilot-25,Pilot-25:Al3Ni2_relaxed,5,-10956.512625390018,b7d4d432f6344a3b78ef93ac946784bda0284ee2c55fc6d3794ddfd5156bc851,5x3,b320025230dc1176d74041abd4bf9eca3f8234710906870b9baa6edb382d7a46,6,8fba3f10fb8fe28cc6b30ffdbf1193f0811dd1bb347349dff103c359fd51c8cb,/workspace/ni_al/data/processed/ni_al_pilot_dft_25.extxyz,35b2b65fe77d181b5da30dd23bbb7ff9fc4f41c0c0f603738172e2f833ab5b0b,/workspace/ni_al/configs/PILOT25_PROVENANCE.txt,historical_not_recorded,historical_not_recorded,historical_not_recorded
22,AlNi3_relaxed,AlNi3,relaxed,Pilot-25,Pilot-25:AlNi3_relaxed,4,-14550.847840706278,3066d8a8285c7fd2d6c77d0cb34a94fe11fd4a93520b69d92f53c7953ead9350,4x3,2ea9ab9198d1638007400cd2c3bef1cc745b864b76011a0e1bc52180ac6452d4,6,5b7ff453f3d757f6c856f0e4b806cfe00082e9b463a77a25c691bc6b20fc951e,/workspace/ni_al/data/processed/ni_al_pilot_dft_25.extxyz,35b2b65fe77d181b5da30dd23bbb7ff9fc4f41c0c0f603738172e2f833ab5b0b,/workspace/ni_al/configs/PILOT25_PROVENANCE.txt,historical_not_recorded,historical_not_recorded,historical_not_recorded
23,Al3Ni5_relaxed,Al3Ni5,relaxed,Pilot-25,Pilot-25:Al3Ni5_relaxed,8,-24969.625439533414,0fc3add3b2158be03bb3dd6893380e689be3aa795d5cf6a383f478f7a1d64f00,8x3,08e5418aea329214e784eb727eb199a2891bff251adf673d2f1954bc922c78e7,6,b361702991d6cb4122d57a82278b77bf8a066c432b0455d0a01f0dc8bcff3f56,/workspace/ni_al/data/processed/ni_al_pilot_dft_25.extxyz,35b2b65fe77d181b5da30dd23bbb7ff9fc4f41c0c0f603738172e2f833ab5b0b,/workspace/ni_al/configs/PILOT25_PROVENANCE.txt,historical_not_recorded,historical_not_recorded,historical_not_recorded
24,Al3Ni_relaxed,Al3Ni,relaxed,Pilot-25,Pilot-25:Al3Ni_relaxed,16,-25138.175258317573,457b183fbe462afd0b27dad96d0c981f6f06bbc49e0ad94b6ca8054ad139d897,16x3,a5b97d21d9405d65f935158beedd94824431fadf79780a58e158d50c5963e3d5,6,191e5da2a6ea17ea693a152799f99da16f5525cbe43a7edc167346336ac61fd5,/workspace/ni_al/data/processed/ni_al_pilot_dft_25.extxyz,35b2b65fe77d181b5da30dd23bbb7ff9fc4f41c0c0f603738172e2f833ab5b0b,/workspace/ni_al/configs/PILOT25_PROVENANCE.txt,historical_not_recorded,historical_not_recorded,historical_not_recorded
25,cfg026_Al3Ni_iso_compression,Al3Ni,iso_compression,Expansion-75,Expansion-75:4e103a125b15148c4c2633d61085cadf128748bec421b818510a91f00f153ed5,16,-25138.098955714009,de4d62bfd4fe58f1b5b22803c66b8e9d2001c7e7b714ed2c1ffa08a0b90af669,16x3,41732b354bfb199fe2857d20a528a9ebe947e5db7a25de7b93cc9cc4f5846a5b,6,da67540bf038868de3e26b7e67178099ae763e8aecc616c925e1adc9ca484a67,/workspace/ni_al/data/processed/ni_al_expansion_dft_75.extxyz,ff69c2bfed14bfcf48931949647d8f1b3c9353a89c20378c9113155940792137,/workspace/ni_al/data/expansion_026_100/production_gpu/chunk_01/cfg026_Al3Ni_iso_compression/attempt_001/qe.out,/workspace/ni_al/data/expansion_026_100/qe_inputs/cfg026_Al3Ni_iso_compression.in,ead454c58ff9d66466f61eea864a1912984198de9d8076b2da41b3ad9c128b69,4e103a125b15148c4c2633d61085cadf128748bec421b818510a91f00f153ed5
26,cfg027_Al3Ni_iso_expansion,Al3Ni,iso_expansion,Expansion-75,Expansion-75:1665361433b293a53ed1b4e35c4286dcf639ea1b0c3b2374be7ece365c902c83,16,-25138.103862900454,b4e5427fc0a8bc3f2f1d5783592852cc34f21452c8c2c4917d630cf473105ebc,16x3,63e57ea2223057b4f502ca7dffe9ccf9b85a4452936a86240a5cd8864509688d,6,ae6bfec48dfabb98acd42c3051b22ed3ff39d70d7d532a21e0c07b7aaf5b0912,/workspace/ni_al/data/processed/ni_al_expansion_dft_75.extxyz,ff69c2bfed14bfcf48931949647d8f1b3c9353a89c20378c9113155940792137,/workspace/ni_al/data/expansion_026_100/production_gpu/chunk_01/cfg027_Al3Ni_iso_expansion/attempt_001/qe.out,/workspace/ni_al/data/expansion_026_100/qe_inputs/cfg027_Al3Ni_iso_expansion.in,8995a08a2c062b688841d8fbf654de13c2f53e015d3106f1cf9d32ad9610a08f,1665361433b293a53ed1b4e35c4286dcf639ea1b0c3b2374be7ece365c902c83
27,cfg045_Al3Ni5_iso_compression,Al3Ni5,iso_compression,Expansion-75,Expansion-75:20da0f9f824270b3418ad7bd86fca189e11d4b7a302c346cc3d72d9b95fb7ad0,8,-24969.579770364318,caf4ac4c3b3cc6ae4d8dc0997b1768e025be20be1d8eb9258071783f6829f7ec,8x3,fb4a802418beb311a67412abd94b824bb1b9fb26aac97a9ca636a07575924e91,6,0e5ba4369e501bb55187c4b723b89cf7d41909276890bc9d02606648d0fb1edd,/workspace/ni_al/data/processed/ni_al_expansion_dft_75.extxyz,ff69c2bfed14bfcf48931949647d8f1b3c9353a89c20378c9113155940792137,/workspace/ni_al/data/expansion_026_100/production_gpu/chunk_01/cfg045_Al3Ni5_iso_compression/attempt_001/qe.out,/workspace/ni_al/data/expansion_026_100/qe_inputs/cfg045_Al3Ni5_iso_compression.in,e53e5e476eea2c471a0d65439cb764daec7c8c4aa9e6574ffdaffa1ae3f049f8,20da0f9f824270b3418ad7bd86fca189e11d4b7a302c346cc3d72d9b95fb7ad0
28,cfg046_Al3Ni5_iso_expansion,Al3Ni5,iso_expansion,Expansion-75,Expansion-75:86d228e633203e98f4a5c82cd572e4df477e493c251e36cb67aa9b8db89d374c,8,-24969.585638034783,df8c5c7c075a2a7b6070e28cff5aaece8006da3d7a2220be98f7e583d3488607,8x3,673e1811afe0cace10e88a41f7891a028770ddfcb3676458f8270590ecde7647,6,deeab6f7bf6d5ef8f92a43ddb781c6a010c48617f3d2de23cf48e9894bc5906d,/workspace/ni_al/data/processed/ni_al_expansion_dft_75.extxyz,ff69c2bfed14bfcf48931949647d8f1b3c9353a89c20378c9113155940792137,/workspace/ni_al/data/expansion_026_100/production_gpu/chunk_01/cfg046_Al3Ni5_iso_expansion/attempt_001/qe.out,/workspace/ni_al/data/expansion_026_100/qe_inputs/cfg046_Al3Ni5_iso_expansion.in,0394ba76213c932ee462afc6673e787ec2bfff578a4affb305f73b619250805f,86d228e633203e98f4a5c82cd572e4df477e493c251e36cb67aa9b8db89d374c
29,cfg089_AlNi3_iso_compression,AlNi3,iso_compression,Expansion-75,Expansion-75:233583d40d0cedb25723de5842bc4298413375e17ac53cfce09a80a64b505cef,4,-14550.824310636743,9014d16abca78b2b9e080cb0a84a7212660418177613abc9a778db25e6213b55,4x3,2ea9ab9198d1638007400cd2c3bef1cc745b864b76011a0e1bc52180ac6452d4,6,6ae66050ce7398e89c103d9c01863ceddddd8b9ad2ed65f8c6784439a9f89927,/workspace/ni_al/data/processed/ni_al_expansion_dft_75.extxyz,ff69c2bfed14bfcf48931949647d8f1b3c9353a89c20378c9113155940792137,/workspace/ni_al/data/expansion_026_100/production_gpu/chunk_01/cfg089_AlNi3_iso_compression/attempt_001/qe.out,/workspace/ni_al/data/expansion_026_100/qe_inputs/cfg089_AlNi3_iso_compression.in,24175d49e82de1d560a6d264eecb73704433547d4e41a54d510e9ca33986c703,233583d40d0cedb25723de5842bc4298413375e17ac53cfce09a80a64b505cef
30,cfg062_Al3Ni2_iso_compression,Al3Ni2,iso_compression,Expansion-75,Expansion-75:46dd9d883f1d886191eb3cc9ac3b663d892e404e69569d8d5f3791512113d774,5,-10956.486275286512,aea7b20072b4bf6cfb463f9c08b2f33e86d7b52e9c868eadbce5d8782148ae3b,5x3,1f8323b9f58abb72b6cd7b91f473fd71f6f25c7ec75d06abe78cb7f3175ecc45,6,a9869b5a1afd67ae7196a7378227d11019c63af2de052b9df3e1714731d1833d,/workspace/ni_al/data/processed/ni_al_expansion_dft_75.extxyz,ff69c2bfed14bfcf48931949647d8f1b3c9353a89c20378c9113155940792137,/workspace/ni_al/data/expansion_026_100/production_gpu/chunk_01/cfg062_Al3Ni2_iso_compression/attempt_001/qe.out,/workspace/ni_al/data/expansion_026_100/qe_inputs/cfg062_Al3Ni2_iso_compression.in,b7854d7d6830d2c0bb0c6af0fcc52109201abd8859ee7451dc37ea30c442d8d8,46dd9d883f1d886191eb3cc9ac3b663d892e404e69569d8d5f3791512113d774
31,cfg028_Al3Ni_iso_compression,Al3Ni,iso_compression,Expansion-75,Expansion-75:116f2d34b762dc4bf29e5659097dd6857ffa981502b8a472536cbf99687adbd9,16,-25137.421830604162,66c8ad9b4de3ebe34866ec5363375f2093612f7f64a8a0c8a6a2f6efd9ea016e,16x3,6b3aa8bfb2ea855c8f754bb54e0617b1d05eac3f04855bbc2818b3a983c5428c,6,19bbe26841495ad7e3781aaa946f3583f45a74ed263ce426250d63ab52abe850,/workspace/ni_al/data/processed/ni_al_expansion_dft_75.extxyz,ff69c2bfed14bfcf48931949647d8f1b3c9353a89c20378c9113155940792137,/workspace/ni_al/data/expansion_026_100/production_gpu/chunk_02/cfg028_Al3Ni_iso_compression/attempt_001/qe.out,/workspace/ni_al/data/expansion_026_100/qe_inputs/cfg028_Al3Ni_iso_compression.in,5a0c2ec15b0a4b5f8949c7502be92845d74a517e8c6d05fde8ce41f710adb6a8,116f2d34b762dc4bf29e5659097dd6857ffa981502b8a472536cbf99687adbd9
32,cfg029_Al3Ni_iso_expansion,Al3Ni,iso_expansion,Expansion-75,Expansion-75:58cb3175e110906e2a238b92f2aed42c0bcc69cb9af4f5303de86518a771ca9f,16,-25137.560503998706,970d688a25ea843d2442fd51732261c24600b595e23cd97c8e2df369c0bd9ba0,16x3,76a372549cd25c50a7d2fa0ee4e9771d2b65074854e8e22070386e2545375be8,6,4881224c24c6d1b37a93889efdf3f6a44ecae66d8cd01e7cb15f8f837c5fea04,/workspace/ni_al/data/processed/ni_al_expansion_dft_75.extxyz,ff69c2bfed14bfcf48931949647d8f1b3c9353a89c20378c9113155940792137,/workspace/ni_al/data/expansion_026_100/production_gpu/chunk_02/cfg029_Al3Ni_iso_expansion/attempt_001/qe.out,/workspace/ni_al/data/expansion_026_100/qe_inputs/cfg029_Al3Ni_iso_expansion.in,cf4cfef7399ba84b0205fdc517cd12115e6b007dddb456e79bb1e875be0b9591,58cb3175e110906e2a238b92f2aed42c0bcc69cb9af4f5303de86518a771ca9f
33,cfg047_Al3Ni5_iso_compression,Al3Ni5,iso_compression,Expansion-75,Expansion-75:16171de4b48e59f822242883b943d33ad4c01d42d718e29b371feca1419dc222,8,-24969.176018310893,888dc4e89ba05484a3df65909ef1c7bd90f77d6a16f083dc173b3a93a7271259,8x3,45ab42ae77770ce3c01b6cb0126d171dc6d8f5e330a494667d3bf6ecf07a952b,6,35d9f947a0d5a2270610543200f72478735409e0decc6f61e3986332b8f5aaee,/workspace/ni_al/data/processed/ni_al_expansion_dft_75.extxyz,ff69c2bfed14bfcf48931949647d8f1b3c9353a89c20378c9113155940792137,/workspace/ni_al/data/expansion_026_100/production_gpu/chunk_02/cfg047_Al3Ni5_iso_compression/attempt_001/qe.out,/workspace/ni_al/data/expansion_026_100/qe_inputs/cfg047_Al3Ni5_iso_compression.in,914d7918f7fefc00f1ddb8adb097809b2d33e51324dfff938caf2395513f3403,16171de4b48e59f822242883b943d33ad4c01d42d718e29b371feca1419dc222
34,cfg048_Al3Ni5_iso_expansion,Al3Ni5,iso_expansion,Expansion-75,Expansion-75:2b24f1c522bd3dd1eb83341a632ed2fbaf1b416eb8144b3a8c0585c89f8097b5,8,-24969.26889018108,4d4497ef98b3ff41efdb1afd9c2f4cc38a68a71797f992a7f44c972f66dacb6a,8x3,4505f776f51d9e04bcced3b473dc41cf26f5ea5b82c10faa458f207b79044215,6,65e3cb57a2881f6feb03028ccb6b7d864173e392c6115d44a0db9efbaf3187e2,/workspace/ni_al/data/processed/ni_al_expansion_dft_75.extxyz,ff69c2bfed14bfcf48931949647d8f1b3c9353a89c20378c9113155940792137,/workspace/ni_al/data/expansion_026_100/production_gpu/chunk_02/cfg048_Al3Ni5_iso_expansion/attempt_001/qe.out,/workspace/ni_al/data/expansion_026_100/qe_inputs/cfg048_Al3Ni5_iso_expansion.in,7c7dbef03b25c1787e7a98a8884b8aca67f3c555883147f4185b332de988c30d,2b24f1c522bd3dd1eb83341a632ed2fbaf1b416eb8144b3a8c0585c89f8097b5
35,cfg090_AlNi3_iso_expansion,AlNi3,iso_expansion,Expansion-75,Expansion-75:9a3feed3f0cb568a9c736d3e885638369f75a3e64a5cdb14b741341cd403499a,4,-14550.827128108031,29b1d49f9c6428e0bcef747733ca2fb00bb3051e1b93e3339f82a879eb51b00d,4x3,2ea9ab9198d1638007400cd2c3bef1cc745b864b76011a0e1bc52180ac6452d4,6,4b0364d92877230e19f20459e64fae1bde8b4f1cc0fe2ffcdde33482773cb497,/workspace/ni_al/data/processed/ni_al_expansion_dft_75.extxyz,ff69c2bfed14bfcf48931949647d8f1b3c9353a89c20378c9113155940792137,/workspace/ni_al/data/expansion_026_100/production_gpu/chunk_02/cfg090_AlNi3_iso_expansion/attempt_001/qe.out,/workspace/ni_al/data/expansion_026_100/qe_inputs/cfg090_AlNi3_iso_expansion.in,9ea47e929747a1c4f912404b4c5f2ea0c70b4f9e5ddb5b33e417f411b72ecc03,9a3feed3f0cb568a9c736d3e885638369f75a3e64a5cdb14b741341cd403499a
36,cfg063_Al3Ni2_iso_expansion,Al3Ni2,iso_expansion,Expansion-75,Expansion-75:e9d4b0f222c758239f9b9d19551b75bf8dfb1c42077038bed73f68ec330c22ee,5,-10956.488648411627,abfedaf82439cf27cb9d249cfdcb4ab569367137f448e601a3b95a4a2fff6f98,5x3,4a6070c4d8c3d7ba110804a45ecee9878cac21a0be3fa9d787464205b194dd74,6,ec8e11a0e15ca3025e451da571e2a387e9f4badf68f9ec54a7b51159afffcd8a,/workspace/ni_al/data/processed/ni_al_expansion_dft_75.extxyz,ff69c2bfed14bfcf48931949647d8f1b3c9353a89c20378c9113155940792137,/workspace/ni_al/data/expansion_026_100/production_gpu/chunk_02/cfg063_Al3Ni2_iso_expansion/attempt_001/qe.out,/workspace/ni_al/data/expansion_026_100/qe_inputs/cfg063_Al3Ni2_iso_expansion.in,5b873a5ed5cd01f132ae7ab6f8be71320bd6098abaf134705ecf7593655819e9,e9d4b0f222c758239f9b9d19551b75bf8dfb1c42077038bed73f68ec330c22ee
37,cfg030_Al3Ni_uniaxial_x_compression,Al3Ni,uniaxial_x_compression,Expansion-75,Expansion-75:7c3a09dec9093523eda8a1d8b357c9b40b81b40110c46dfb970b30d243525263,16,-25138.142332986004,7fbfcf86652915134700ecc0a6dc46a1805e612be06df6e187addbd53e0f6e99,16x3,fc2c52efcdce6a9691c1852702283766ee05b8716f1e8c8a1c40fc6cdaf3f926,6,1127c0deb82b4f3b044f684de0abd287a79c70174b9f3867f360ca7d4d00011c,/workspace/ni_al/data/processed/ni_al_expansion_dft_75.extxyz,ff69c2bfed14bfcf48931949647d8f1b3c9353a89c20378c9113155940792137,/workspace/ni_al/data/expansion_026_100/production_gpu/chunk_03/cfg030_Al3Ni_uniaxial_x_compression/attempt_001/qe.out,/workspace/ni_al/data/expansion_026_100/qe_inputs/cfg030_Al3Ni_uniaxial_x_compression.in,17e8d7c7d2c765f83a6211c966e422327c743cb0fa2ed9f986d74e27bd30c367,7c3a09dec9093523eda8a1d8b357c9b40b81b40110c46dfb970b30d243525263
38,cfg031_Al3Ni_uniaxial_y_expansion,Al3Ni,uniaxial_y_expansion,Expansion-75,Expansion-75:d6a43a91cab49b9a86d3e0e8d03d230254fb32b8845d4c4f19172fb596fd4c2d,16,-25138.143491511859,1e54b0e762c7323821f36cff3f8d112a47417859a2ec694030517dae54c0ba43,16x3,20d5aee22c14716174836a935b72dd3ec33e8941555ff653ba2ae78feb1e85a7,6,84ae3478e87c67bba6acb1c1735431d095d84788567be18996253341fdb9faa9,/workspace/ni_al/data/processed/ni_al_expansion_dft_75.extxyz,ff69c2bfed14bfcf48931949647d8f1b3c9353a89c20378c9113155940792137,/workspace/ni_al/data/expansion_026_100/production_gpu/chunk_03/cfg031_Al3Ni_uniaxial_y_expansion/attempt_001/qe.out,/workspace/ni_al/data/expansion_026_100/qe_inputs/cfg031_Al3Ni_uniaxial_y_expansion.in,baf52fa0047ebab1f00e8eec427d723dd5b1bd53e232ba98e49a45a0b7128181,d6a43a91cab49b9a86d3e0e8d03d230254fb32b8845d4c4f19172fb596fd4c2d
39,cfg049_Al3Ni5_uniaxial_y_compression,Al3Ni5,uniaxial_y_compression,Expansion-75,Expansion-75:1fcee43b8a8c4c53d4b0dfdda23eddd108dd1c4f4021af9b93b56a099e0e8385,8,-24969.60482974261,b39af978f4afd501e56a7e72833a3c25d05574d8249ba894d3ace9cc378e35d1,8x3,18f7e890b0164e52e6c217e52939154871efd2c9e05349a42fcccfb78dda8479,6,01ceece5bd8db17a7cd8a8bccfc051c0b6b235565219576e15b4033e6be05d73,/workspace/ni_al/data/processed/ni_al_expansion_dft_75.extxyz,ff69c2bfed14bfcf48931949647d8f1b3c9353a89c20378c9113155940792137,/workspace/ni_al/data/expansion_026_100/production_gpu/chunk_03/cfg049_Al3Ni5_uniaxial_y_compression/attempt_001/qe.out,/workspace/ni_al/data/expansion_026_100/qe_inputs/cfg049_Al3Ni5_uniaxial_y_compression.in,239716c986d35eed3bc39a0febe8f2df2b0a478d859251432e101c6b550b5b9a,1fcee43b8a8c4c53d4b0dfdda23eddd108dd1c4f4021af9b93b56a099e0e8385
40,cfg050_Al3Ni5_orthorhombic_yz,Al3Ni5,orthorhombic_yz,Expansion-75,Expansion-75:896fb37820646eb3596ba69089528f46b511cab78d24ef5f91106a61aadc4e3a,8,-24969.593645078668,929c9206ef6627a3ba319b1145c3dab6d17f05bd368ae83132e88752d2a602a8,8x3,617bdaf3bbf028c691ecb7126c76eac8e0acb88ae260c7f294cd0c5827d5678d,6,13d4c817800a8f4c6991907d56fda8019cb0a963e2c63bf46df34dab17c3c1c3,/workspace/ni_al/data/processed/ni_al_expansion_dft_75.extxyz,ff69c2bfed14bfcf48931949647d8f1b3c9353a89c20378c9113155940792137,/workspace/ni_al/data/expansion_026_100/production_gpu/chunk_03/cfg050_Al3Ni5_orthorhombic_yz/attempt_001/qe.out,/workspace/ni_al/data/expansion_026_100/qe_inputs/cfg050_Al3Ni5_orthorhombic_yz.in,0e7bf2c60e4e4ef9623a0cdd91f55dbe2bfd2785f86ecaf85d0fe5fa37b3f4fc,896fb37820646eb3596ba69089528f46b511cab78d24ef5f91106a61aadc4e3a
41,cfg091_AlNi3_iso_compression,AlNi3,iso_compression,Expansion-75,Expansion-75:41fbc8ca79ab21888b9f21d490ebffd453cfc1faf928686e07e6c43896de5b66,4,-14550.613709087569,3ed5cadcd97cc216eb50661dd75c5aa34ce1102a3b3cbc6ab85fcc727569ed8e,4x3,2ea9ab9198d1638007400cd2c3bef1cc745b864b76011a0e1bc52180ac6452d4,6,f908439e8de17c79f2955cebfc7a143319962e4c1ef49a332084ddc7b5529002,/workspace/ni_al/data/processed/ni_al_expansion_dft_75.extxyz,ff69c2bfed14bfcf48931949647d8f1b3c9353a89c20378c9113155940792137,/workspace/ni_al/data/expansion_026_100/production_gpu/chunk_03/cfg091_AlNi3_iso_compression/attempt_001/qe.out,/workspace/ni_al/data/expansion_026_100/qe_inputs/cfg091_AlNi3_iso_compression.in,16528aea8480c0b8537e27660b4c4a87bab0857a8df7729c5cde036a6bef2fd6,41fbc8ca79ab21888b9f21d490ebffd453cfc1faf928686e07e6c43896de5b66
42,cfg064_Al3Ni2_iso_compression,Al3Ni2,iso_compression,Expansion-75,Expansion-75:939f92b586ea643f5ee3fd8dcd7d843581e6e4700cd19d0947daa2487ec58ed3,5,-10956.253382571484,0f084122d37e464587abcdbfdd227f67263d99296bb19374c8e5fb1c57c94b35,5x3,9b96dfe8843823fedb23eed6de13172065ffa9ba7fd552575931e74728ccc647,6,eaf9e8241a9758f15125fa966de79c49d1e50864a7b575298d0d48c600487f5b,/workspace/ni_al/data/processed/ni_al_expansion_dft_75.extxyz,ff69c2bfed14bfcf48931949647d8f1b3c9353a89c20378c9113155940792137,/workspace/ni_al/data/expansion_026_100/production_gpu/chunk_03/cfg064_Al3Ni2_iso_compression/attempt_001/qe.out,/workspace/ni_al/data/expansion_026_100/qe_inputs/cfg064_Al3Ni2_iso_compression.in,da7abda54a09e1176f6a8fb5a1bcc543ce590ddadf6786bbdc9885f58dcfab49,939f92b586ea643f5ee3fd8dcd7d843581e6e4700cd19d0947daa2487ec58ed3
43,cfg032_Al3Ni_orthorhombic_xy,Al3Ni,orthorhombic_xy,Expansion-75,Expansion-75:83617d47ad83bb04e8b85b1aa5559d59cb301ac16fafe3595934362bb2d12e06,16,-25138.130258567253,4d801f9be0b12783cabef95657e6c3500e0753af1253995f128cb882725ed112,16x3,207eea09644d9a312a331845c6350343d2222cc31867a859f56c3b43a8845b11,6,1d58937c91f6e977b5bded831f0b27ef45a523089578a5b2b8da158617e479d9,/workspace/ni_al/data/processed/ni_al_expansion_dft_75.extxyz,ff69c2bfed14bfcf48931949647d8f1b3c9353a89c20378c9113155940792137,/workspace/ni_al/data/expansion_026_100/production_gpu/chunk_04/cfg032_Al3Ni_orthorhombic_xy/attempt_001/qe.out,/workspace/ni_al/data/expansion_026_100/qe_inputs/cfg032_Al3Ni_orthorhombic_xy.in,0db926b05f10bec22be5385ce9c4ff5e83055ce19b1afc3320d99567a750ec69,83617d47ad83bb04e8b85b1aa5559d59cb301ac16fafe3595934362bb2d12e06
44,cfg033_Al3Ni_shear_xy_negative,Al3Ni,shear_xy_negative,Expansion-75,Expansion-75:f33f083db82ba004db26e01df62107e02d7a1294a657876a08e66d4e3d39e7ad,16,-25138.17168591711,27bf0bca67f777dea03561830d94245346ddfd01aadbc255dec3979bcbf6de35,16x3,b9092f7f05651842bb59ac6b1879ca5e24817b0f7f4f155cec9c2d0538508027,6,8cce4d6df8deff378a2563524c6d93dc3f0add2bdf9e0349b32da01cfc90d79c,/workspace/ni_al/data/processed/ni_al_expansion_dft_75.extxyz,ff69c2bfed14bfcf48931949647d8f1b3c9353a89c20378c9113155940792137,/workspace/ni_al/data/expansion_026_100/production_gpu/chunk_04/cfg033_Al3Ni_shear_xy_negative/attempt_001/qe.out,/workspace/ni_al/data/expansion_026_100/qe_inputs/cfg033_Al3Ni_shear_xy_negative.in,52c3d6a0b44b395c08e056d0e8115d9bffa7309733182d71fc61b73a8c6ee242,f33f083db82ba004db26e01df62107e02d7a1294a657876a08e66d4e3d39e7ad
45,cfg051_Al3Ni5_shear_xy_negative,Al3Ni5,shear_xy_negative,Expansion-75,Expansion-75:d4475aebe4d5c31979068f8a5da5dd2eb067237917d5f57f1b3f004daa7ba498,8,-24969.624363744995,491e7d56ef20a63eabc8944c98a79d2904da1e588987c6343a11f4f4bbc86659,8x3,ff0fc1cd33bb1caedc2b6420547358a5050dd5bf27960675c4e282c4fd5c4d4c,6,e63b82b1ab3db0fdeccecd41f40c348b4240c2b5a8133a7b90797db4344162df,/workspace/ni_al/data/processed/ni_al_expansion_dft_75.extxyz,ff69c2bfed14bfcf48931949647d8f1b3c9353a89c20378c9113155940792137,/workspace/ni_al/data/expansion_026_100/production_gpu/chunk_04/cfg051_Al3Ni5_shear_xy_negative/attempt_001/qe.out,/workspace/ni_al/data/expansion_026_100/qe_inputs/cfg051_Al3Ni5_shear_xy_negative.in,4bded8e043362a6ae2410c49b2f3943b8861daac227a2b0998e910125329aafd,d4475aebe4d5c31979068f8a5da5dd2eb067237917d5f57f1b3f004daa7ba498
46,cfg052_Al3Ni5_shear_yz_positive,Al3Ni5,shear_yz_positive,Expansion-75,Expansion-75:84a2db407400b9841f23ffa4f1bb53a6c75ae0c581132f605e5adde21c88b90f,8,-24969.626147069765,9f79fa10d91f4203545bdfd050a008bdd3b0ea2a05d0a11bdeec7db867403e19,8x3,81b0ddffd9cb0992739cb7aebb61821bddbb96d23f44b1668a53eed17b35475c,6,18af2b30789f64aef71226e7e0786ac256c427616c86e966b2f8771e178898a8,/workspace/ni_al/data/processed/ni_al_expansion_dft_75.extxyz,ff69c2bfed14bfcf48931949647d8f1b3c9353a89c20378c9113155940792137,/workspace/ni_al/data/expansion_026_100/production_gpu/chunk_04/cfg052_Al3Ni5_shear_yz_positive/attempt_001/qe.out,/workspace/ni_al/data/expansion_026_100/qe_inputs/cfg052_Al3Ni5_shear_yz_positive.in,e17a218ab927bec38330a30d3ec6176c6c12cd752df39bca24afd1edf842974b,84a2db407400b9841f23ffa4f1bb53a6c75ae0c581132f605e5adde21c88b90f
47,cfg065_Al3Ni2_iso_expansion,Al3Ni2,iso_expansion,Expansion-75,Expansion-75:63581776c619da7bc83de3850d5bfbbcef2109fc28c879b04a89e82fac409bfc,5,-10956.302440159698,09595f1544a6a0b1ffd5119b985a3191c88a1a33664fddd291ebd8c000a134c1,5x3,effbe4540add9631308f17638254d85358d7f839d3e53a1f6715f1fc10a89b8a,6,bfab2d91878d75475b63edfdc4952e3a225326d9d660985bb1b277faef0d7c4e,/workspace/ni_al/data/processed/ni_al_expansion_dft_75.extxyz,ff69c2bfed14bfcf48931949647d8f1b3c9353a89c20378c9113155940792137,/workspace/ni_al/data/expansion_026_100/production_gpu/chunk_04/cfg065_Al3Ni2_iso_expansion/attempt_001/qe.out,/workspace/ni_al/data/expansion_026_100/qe_inputs/cfg065_Al3Ni2_iso_expansion.in,8185631ebdbb8b3b19f2a6886d9e9ad0f206c9095241c430f81cb6f6ff1ed692,63581776c619da7bc83de3850d5bfbbcef2109fc28c879b04a89e82fac409bfc
48,cfg066_Al3Ni2_uniaxial_z_expansion,Al3Ni2,uniaxial_z_expansion,Expansion-75,Expansion-75:5127090916826fb848382931514a242db5c2f35eb7ad3b621f7d96354bc0ded2,5,-10956.500899199755,319d800e994ef2c3ebea41efcf436cbc63ee3133552d63ba1e917a40cc49f9d6,5x3,7dcefc214697cb9da0a5d71d12be289d19aab74a8cd8d65b329851eb753754d7,6,fd4725478dc7a3c43662ea9400be21ea749dd225d55ef0e919cefa194d6ff3a9,/workspace/ni_al/data/processed/ni_al_expansion_dft_75.extxyz,ff69c2bfed14bfcf48931949647d8f1b3c9353a89c20378c9113155940792137,/workspace/ni_al/data/expansion_026_100/production_gpu/chunk_04/cfg066_Al3Ni2_uniaxial_z_expansion/attempt_001/qe.out,/workspace/ni_al/data/expansion_026_100/qe_inputs/cfg066_Al3Ni2_uniaxial_z_expansion.in,ebb3242c186f378891287bf1891c2dfc96faeb6d1416c32078f9f063ab7aa474,5127090916826fb848382931514a242db5c2f35eb7ad3b621f7d96354bc0ded2
49,cfg076_AlNi_iso_compression,AlNi,iso_compression,Expansion-75,Expansion-75:306852114e035f1914aae65fef365f5530fef0ba2ceca3a56d21c34420854820,2,-5209.300376184111,fd79e66f3e4e476d9c86da37482dccf57c40394cb45c15564992da540eeb0016,2x3,5f0697acc428ed14d70002e8ff2557d31c4958c1187c69a3ef42864adfa9eb75,6,7a0f8865fb8e4839c8bf614292699ea5e5459bae2eb9e50f4d450be3cadbef22,/workspace/ni_al/data/processed/ni_al_expansion_dft_75.extxyz,ff69c2bfed14bfcf48931949647d8f1b3c9353a89c20378c9113155940792137,/workspace/ni_al/data/expansion_026_100/production_gpu/chunk_04/cfg076_AlNi_iso_compression/attempt_001/qe.out,/workspace/ni_al/data/expansion_026_100/qe_inputs/cfg076_AlNi_iso_compression.in,7c66b50e95ff7c4d6bdf9250c5dda24bca68d0f34c05913996e9740e9ce5e5b4,306852114e035f1914aae65fef365f5530fef0ba2ceca3a56d21c34420854820
50,cfg077_AlNi_iso_expansion,AlNi,iso_expansion,Expansion-75,Expansion-75:d4686ca28124fac921db70edbe9ece201ab680b1e7862632d629a4775c88280f,2,-5209.301511710205,4905ddc32a46ae18f6c93a498695c89187c95e9a7842ad736bc91985f57497ff,2x3,17b0761f87b081d5cf10757ccc89f12be355c70e2e29df288b65b30710dcbcd1,6,744d7fed4d037804da5b157e42fab87f0c22148b29ab23bb283f06e4a37eb5cd,/workspace/ni_al/data/processed/ni_al_expansion_dft_75.extxyz,ff69c2bfed14bfcf48931949647d8f1b3c9353a89c20378c9113155940792137,/workspace/ni_al/data/expansion_026_100/production_gpu/chunk_04/cfg077_AlNi_iso_expansion/attempt_001/qe.out,/workspace/ni_al/data/expansion_026_100/qe_inputs/cfg077_AlNi_iso_expansion.in,f0138599606ba76a54911d00148daba5b1fcc7aff8ecbce1784c12f236481398,d4686ca28124fac921db70edbe9ece201ab680b1e7862632d629a4775c88280f
51,cfg034_Al3Ni_shear_xz_positive,Al3Ni,shear_xz_positive,Expansion-75,Expansion-75:8acca00d985229653cecb91d351b5a2a0735e87a926677db6c86165d4a0c246a,16,-25138.171077501385,de1a8f6b4abdcabf03b7aec6f9704a23bbafe309936276824833fb8897d938ab,16x3,4e6b46b5223f7428e8f5aeb017fec1e362424a875bc1a392ae4a96c10a0884f4,6,f916486d047aa6434065ffc68519ab79c0f7fa2f3cee89eee2043276d079bc5c,/workspace/ni_al/data/processed/ni_al_expansion_dft_75.extxyz,ff69c2bfed14bfcf48931949647d8f1b3c9353a89c20378c9113155940792137,/workspace/ni_al/data/expansion_026_100/production_gpu/chunk_05/cfg034_Al3Ni_shear_xz_positive/attempt_001/qe.out,/workspace/ni_al/data/expansion_026_100/qe_inputs/cfg034_Al3Ni_shear_xz_positive.in,7160e6720b35d8c5602659408bc342a65521fa4ec3930a6cce006b9622ff118d,8acca00d985229653cecb91d351b5a2a0735e87a926677db6c86165d4a0c246a
52,cfg035_Al3Ni_rattle_small,Al3Ni,rattle_small,Expansion-75,Expansion-75:f1eac5751f71e427f842f4b4af74d51aec208b5fcfb460740301e1d265425cbb,16,-25138.16147250776,ccf6835e58e9ece05946ad5970751ab88adadbafd7aa3818390579dab743d456,16x3,e392473bdf511986015d8307ac2c1be2e1557ded3d160ca9ccb269c05c5fcdaa,6,61b564c44355aa9fcedb241b0bd5a26b7324e0439875a327e998db8360cf5f8d,/workspace/ni_al/data/processed/ni_al_expansion_dft_75.extxyz,ff69c2bfed14bfcf48931949647d8f1b3c9353a89c20378c9113155940792137,/workspace/ni_al/data/expansion_026_100/production_gpu/chunk_05/cfg035_Al3Ni_rattle_small/attempt_001/qe.out,/workspace/ni_al/data/expansion_026_100/qe_inputs/cfg035_Al3Ni_rattle_small.in,09dc342b0b2eff431b7bdbe861fffcc5838d8c9b7beff0dfac6d62c7656be9c8,f1eac5751f71e427f842f4b4af74d51aec208b5fcfb460740301e1d265425cbb
53,cfg053_Al3Ni5_rattle_small,Al3Ni5,rattle_small,Expansion-75,Expansion-75:a71b81b90ae1e6f9178b9244e8a20125c0fec0d0e8dbd0181800ee047b5726b6,8,-24969.620927373522,5577c07fd47baab165c7194c557cc97a0d565a241aa6460068070355de29cb18,8x3,769886add4925471cc2c135e385bf78e2abc9054a6f9bfc0aae0e86622f9f78e,6,3681555f413da66e08db8d503825f017c54e434bc1d42d48e47e1746799d45aa,/workspace/ni_al/data/processed/ni_al_expansion_dft_75.extxyz,ff69c2bfed14bfcf48931949647d8f1b3c9353a89c20378c9113155940792137,/workspace/ni_al/data/expansion_026_100/production_gpu/chunk_05/cfg053_Al3Ni5_rattle_small/attempt_001/qe.out,/workspace/ni_al/data/expansion_026_100/qe_inputs/cfg053_Al3Ni5_rattle_small.in,f18e69a893a62b88c0cbe7d9767ce8b4620ecf05673b38b7997af6cecf957f24,a71b81b90ae1e6f9178b9244e8a20125c0fec0d0e8dbd0181800ee047b5726b6
54,cfg054_Al3Ni5_rattle_large,Al3Ni5,rattle_large,Expansion-75,Expansion-75:e93e0f498702a25850b55d3a44f16c3a5ab62249b813407607f39969f80fcab0,8,-24969.468029927444,067853f60c34472da99153522d06b01e7c423b5eadee9413da6ec182a3f74c7e,8x3,13f70399edfacde8d6bbc88d74662c056ddfa65e8aaf4c964a2bc8de69f90b2a,6,b2169a27cbbaa36b75c447af3412cc2f3619d9ab85f6850fc02f716b10cb18ca,/workspace/ni_al/data/processed/ni_al_expansion_dft_75.extxyz,ff69c2bfed14bfcf48931949647d8f1b3c9353a89c20378c9113155940792137,/workspace/ni_al/data/expansion_026_100/production_gpu/chunk_05/cfg054_Al3Ni5_rattle_large/attempt_001/qe.out,/workspace/ni_al/data/expansion_026_100/qe_inputs/cfg054_Al3Ni5_rattle_large.in,06d69261125dba6d190f3c1a519be30e3e0c7d9ee3dfca3d21953470b896d065,e93e0f498702a25850b55d3a44f16c3a5ab62249b813407607f39969f80fcab0
55,cfg067_Al3Ni2_shear_xy_negative,Al3Ni2,shear_xy_negative,Expansion-75,Expansion-75:43cb01e46147ed3d074fb7dba9ecb795e19903d7a51b67f85ae4d4b0bd76332d,5,-10956.51162873996,bc3e258f24d5bf73e5ee9273d6322f0589a99ec1095771e255d63a6c64a3d748,5x3,7326d6ae31b77d370273e69623d95c9ac33fb6e62149714c3b6c34aa267661ab,6,92ac034258f8a8b5c0f97e23c4a9188a68ec96c71be92df904c85e5eda93e22b,/workspace/ni_al/data/processed/ni_al_expansion_dft_75.extxyz,ff69c2bfed14bfcf48931949647d8f1b3c9353a89c20378c9113155940792137,/workspace/ni_al/data/expansion_026_100/production_gpu/chunk_05/cfg067_Al3Ni2_shear_xy_negative/attempt_001/qe.out,/workspace/ni_al/data/expansion_026_100/qe_inputs/cfg067_Al3Ni2_shear_xy_negative.in,f980bd7888fcfd7c675ae2f89fe1c6afffa621909b2a709d1c8b70e2984ddce8,43cb01e46147ed3d074fb7dba9ecb795e19903d7a51b67f85ae4d4b0bd76332d
56,cfg068_Al3Ni2_rattle_small,Al3Ni2,rattle_small,Expansion-75,Expansion-75:86a86557e99f16d4a296703412a444edd32fdf16335100eff7023e7c62f33ef4,5,-10956.505730358405,37d5624c89b976bb503f52759c5e9b610a46ed580d2b35ea83c2d4bcf2d74fa8,5x3,ad5a1ed40eb1dac9053199ff587e674e5e8229b2bea462b9ace5835f36538775,6,e23066be08ccf8d6f10aaf7ce1341015a0cb72452ba21aad6094c37dddb5fa8b,/workspace/ni_al/data/processed/ni_al_expansion_dft_75.extxyz,ff69c2bfed14bfcf48931949647d8f1b3c9353a89c20378c9113155940792137,/workspace/ni_al/data/expansion_026_100/production_gpu/chunk_05/cfg068_Al3Ni2_rattle_small/attempt_001/qe.out,/workspace/ni_al/data/expansion_026_100/qe_inputs/cfg068_Al3Ni2_rattle_small.in,220bec71a9d3acf264a15f7eedae7cf5e30d69bd142087abd15bfdccdb72f49b,86a86557e99f16d4a296703412a444edd32fdf16335100eff7023e7c62f33ef4
57,cfg078_AlNi_iso_compression,AlNi,iso_compression,Expansion-75,Expansion-75:f8ded2d8f1f09ef7346c9f6190e1ad5ee1e56d7ed907d236a8278b6b87c6092d,2,-5209.2027945550826,db12932794f99d9304c7db8073f09f7147294f0be4ce6ebec64800a61befb3dc,2x3,17b0761f87b081d5cf10757ccc89f12be355c70e2e29df288b65b30710dcbcd1,6,fd8a58536d1673ec84b87010d8a3dbc4c84619ed9110a0ae8ce9260412027785,/workspace/ni_al/data/processed/ni_al_expansion_dft_75.extxyz,ff69c2bfed14bfcf48931949647d8f1b3c9353a89c20378c9113155940792137,/workspace/ni_al/data/expansion_026_100/production_gpu/chunk_05/cfg078_AlNi_iso_compression/attempt_001/qe.out,/workspace/ni_al/data/expansion_026_100/qe_inputs/cfg078_AlNi_iso_compression.in,3abb7d30beb78feee89aa9c348d3a79a9e7124b69a7d4f9c4f544dfda3841bfa,f8ded2d8f1f09ef7346c9f6190e1ad5ee1e56d7ed907d236a8278b6b87c6092d
58,cfg079_AlNi_iso_expansion,AlNi,iso_expansion,Expansion-75,Expansion-75:43274457c1f4819220d416c8bbc97c4e3d3896ffcb04343ac16b4345dc9a2e4e,2,-5209.2239069030838,c6cbe4f54ec90c98937b0ca357811ac90f5dcc4f5beedd1f911b8470e7bdb585,2x3,185a6ba5f0717fe15d3485c8e69d7d210c7933f41f88091fb450d3d5c549bb94,6,32721bd9b43c6b75fb17a1c937957d40874612067d49a5003270e632a95a146e,/workspace/ni_al/data/processed/ni_al_expansion_dft_75.extxyz,ff69c2bfed14bfcf48931949647d8f1b3c9353a89c20378c9113155940792137,/workspace/ni_al/data/expansion_026_100/production_gpu/chunk_05/cfg079_AlNi_iso_expansion/attempt_001/qe.out,/workspace/ni_al/data/expansion_026_100/qe_inputs/cfg079_AlNi_iso_expansion.in,4ae1785706b452b57a470cb7fd9697c0232bcf4fd33d229d8f09031716a89581,43274457c1f4819220d416c8bbc97c4e3d3896ffcb04343ac16b4345dc9a2e4e
59,cfg036_Al3Ni_rattle_large,Al3Ni,rattle_large,Expansion-75,Expansion-75:d71dc38b11125530c92fd201be19e61a98db8909a4e6177d05f9b96c6e1a82b5,16,-25137.940048523098,77a43c3bd1521c3d870303227dfb108fe311ccc65125fe2cad5deff5124fb482,16x3,44d748c23eb18b85e3983615185d1e8026e5b37ce7570e1381ac3c6c6df70569,6,a1cde1d58918c13208c0ef7160b3741f0e94ecda58ce57ce7695d0e7bdfd6aa9,/workspace/ni_al/data/processed/ni_al_expansion_dft_75.extxyz,ff69c2bfed14bfcf48931949647d8f1b3c9353a89c20378c9113155940792137,/workspace/ni_al/data/expansion_026_100/production_gpu/chunk_06/cfg036_Al3Ni_rattle_large/attempt_001/qe.out,/workspace/ni_al/data/expansion_026_100/qe_inputs/cfg036_Al3Ni_rattle_large.in,4cbd3dc21906604aebc0f0cea5ab6cfcf9d64c682b73a7de191df40ac4adc1dd,d71dc38b11125530c92fd201be19e61a98db8909a4e6177d05f9b96c6e1a82b5
60,cfg037_Al3Ni_volume_rattle_compression,Al3Ni,volume_rattle_compression,Expansion-75,Expansion-75:8cc2b5a84919bf167a96cb4934eaf8af8ce5bf8c0b18cb411f6639452d6603b8,16,-25137.558487554972,9a1bc13b0c6b343129b1650d39b3efe5df5e0345580e1d2a6551a5bb989d4336,16x3,d94271838be08cffab07da801d8956a0e4979061de8970f0a9da4b30c161fd8c,6,370b88ab7a01c402d866a4ef6230a2ec460b1844d49686f04cd6d8b7670a7bf3,/workspace/ni_al/data/processed/ni_al_expansion_dft_75.extxyz,ff69c2bfed14bfcf48931949647d8f1b3c9353a89c20378c9113155940792137,/workspace/ni_al/data/expansion_026_100/production_gpu/chunk_06/cfg037_Al3Ni_volume_rattle_compression/attempt_001/qe.out,/workspace/ni_al/data/expansion_026_100/qe_inputs/cfg037_Al3Ni_volume_rattle_compression.in,ee886545d2e4fd7745350117150032ab9cf771c55d4a798a6997a0d726213d8e,8cc2b5a84919bf167a96cb4934eaf8af8ce5bf8c0b18cb411f6639452d6603b8
61,cfg055_Al3Ni5_volume_rattle_compression,Al3Ni5,volume_rattle_compression,Expansion-75,Expansion-75:e82afbbf5014d4991165ace425633078a7dda816cb386774e4f27ec4998d94c4,8,-24969.264215197218,f59c0a6100a9205342b5fc14aba7df116502c8b23fce8957e46a34cc2e84d97f,8x3,fc6cd63328f1b83c3b893759b1441828acdf234a575ae6330f641872865e61b7,6,0b00ba2ddf0fb51ccb3aaf75f7950b440a29548b5889f4daed991cf14495d0f4,/workspace/ni_al/data/processed/ni_al_expansion_dft_75.extxyz,ff69c2bfed14bfcf48931949647d8f1b3c9353a89c20378c9113155940792137,/workspace/ni_al/data/expansion_026_100/production_gpu/chunk_06/cfg055_Al3Ni5_volume_rattle_compression/attempt_001/qe.out,/workspace/ni_al/data/expansion_026_100/qe_inputs/cfg055_Al3Ni5_volume_rattle_compression.in,aef33ade05757a2a1ec121e554c903bb90678f39329705b03b494143ae5ecd4b,e82afbbf5014d4991165ace425633078a7dda816cb386774e4f27ec4998d94c4
62,cfg092_AlNi3_iso_expansion,AlNi3,iso_expansion,Expansion-75,Expansion-75:891c375850c424f78e4d45d5940a2446290cf1eb9a2aebf35c9542c8d20fe173,4,-14550.662591798167,715e9e07688f5568e619c7c408e2b9392ec13984123eae838c1619e45bb8603e,4x3,2ea9ab9198d1638007400cd2c3bef1cc745b864b76011a0e1bc52180ac6452d4,6,1a87724af773a92f4656da113d5837694a1f53f9211ba62b880e0bc2ce6c72c0,/workspace/ni_al/data/processed/ni_al_expansion_dft_75.extxyz,ff69c2bfed14bfcf48931949647d8f1b3c9353a89c20378c9113155940792137,/workspace/ni_al/data/expansion_026_100/production_gpu/chunk_06/cfg092_AlNi3_iso_expansion/attempt_001/qe.out,/workspace/ni_al/data/expansion_026_100/qe_inputs/cfg092_AlNi3_iso_expansion.in,6f4f567c540e32b272a285f0a89894ad0a2cb3b15563405ce52de5d7ab9c3bff,891c375850c424f78e4d45d5940a2446290cf1eb9a2aebf35c9542c8d20fe173
63,cfg093_AlNi3_uniaxial_y_compression,AlNi3,uniaxial_y_compression,Expansion-75,Expansion-75:35a9690036c733b7d3f14afe0f610991a4d7ae582f6348931ae593822a30d2dc,4,-14550.840666412181,4c8d4b0e011445dfd13da0dd06da0f312a495c7fc5e08ec1465340f189c451d2,4x3,2ea9ab9198d1638007400cd2c3bef1cc745b864b76011a0e1bc52180ac6452d4,6,162c60ac03d1a91565ca7b91c22a88a35a1939c46dbb99fb81124ab842439db3,/workspace/ni_al/data/processed/ni_al_expansion_dft_75.extxyz,ff69c2bfed14bfcf48931949647d8f1b3c9353a89c20378c9113155940792137,/workspace/ni_al/data/expansion_026_100/production_gpu/chunk_06/cfg093_AlNi3_uniaxial_y_compression/attempt_001/qe.out,/workspace/ni_al/data/expansion_026_100/qe_inputs/cfg093_AlNi3_uniaxial_y_compression.in,13b738ff4f8320507008eb90cb6ceca75b4160de183207c98abc2ada28a7eadd,35a9690036c733b7d3f14afe0f610991a4d7ae582f6348931ae593822a30d2dc
64,cfg069_Al3Ni2_rattle_large,Al3Ni2,rattle_large,Expansion-75,Expansion-75:b866cc17bbdb99e7df16fc84b5260e1fe1f317ac81371c060e2fc7d3e5e77e17,5,-10956.440261840184,6ed1e8f0122f11549ec62032d3086ad08c7d4d3f5e25b22cf2e9f296ad235007,5x3,321c73e3874e3e0965a827b2ddf522b968c49372a7fab909874a8deb4eccbc64,6,223a9539e4555015b9836b39e054c8afdd203b95bc3784b8e766fe85dc68e7d5,/workspace/ni_al/data/processed/ni_al_expansion_dft_75.extxyz,ff69c2bfed14bfcf48931949647d8f1b3c9353a89c20378c9113155940792137,/workspace/ni_al/data/expansion_026_100/production_gpu/chunk_06/cfg069_Al3Ni2_rattle_large/attempt_001/qe.out,/workspace/ni_al/data/expansion_026_100/qe_inputs/cfg069_Al3Ni2_rattle_large.in,c303c18571c0476e4c2579001da5a3b3015a701219d8e5bdcb70d712d2acd832,b866cc17bbdb99e7df16fc84b5260e1fe1f317ac81371c060e2fc7d3e5e77e17
65,cfg070_Al3Ni2_volume_rattle_compression,Al3Ni2,volume_rattle_compression,Expansion-75,Expansion-75:a0385663d84d301a5c0f8db70c4ccc939602075150009e8d7c59a2c560b0f3a3,5,-10956.318601925355,49551e0223511807dc66a07d354ddb1c26f080ea41111ed6f6c7c730b424d20d,5x3,a91453810e64a74837f8e8504185c95721e4077ca8f8677b29d1efaaffbd50bc,6,81c824c7244ed30402b04f6dcb2e640323d187f850315a567f76a6222232f8e4,/workspace/ni_al/data/processed/ni_al_expansion_dft_75.extxyz,ff69c2bfed14bfcf48931949647d8f1b3c9353a89c20378c9113155940792137,/workspace/ni_al/data/expansion_026_100/production_gpu/chunk_06/cfg070_Al3Ni2_volume_rattle_compression/attempt_001/qe.out,/workspace/ni_al/data/expansion_026_100/qe_inputs/cfg070_Al3Ni2_volume_rattle_compression.in,a8a9b1337b97fdcb811563ec501951c28d56b59b7c6a1cf295a09164e97806fc,a0385663d84d301a5c0f8db70c4ccc939602075150009e8d7c59a2c560b0f3a3
66,cfg038_Al3Ni_shear_rattle_yz,Al3Ni,shear_rattle_yz,Expansion-75,Expansion-75:7732d6f9245150ab17a8c08d0b7297c508fc5c517b3f952b68ae60b0f461b233,16,-25138.069153137694,74684908fcdf85dd9fd175748abec6a7a0523db2a1552fd0aaf87b4ad074db60,16x3,02f04fbc6aabcb4f0c600bd3457bed9c301e658951e1da9ca0ed4a78efc6e5d5,6,f741e617e18e166e815c5453cddb55d3bba75ba50274abbba192092496dd0c1c,/workspace/ni_al/data/processed/ni_al_expansion_dft_75.extxyz,ff69c2bfed14bfcf48931949647d8f1b3c9353a89c20378c9113155940792137,/workspace/ni_al/data/expansion_026_100/production_gpu/chunk_07/cfg038_Al3Ni_shear_rattle_yz/attempt_001/qe.out,/workspace/ni_al/data/expansion_026_100/qe_inputs/cfg038_Al3Ni_shear_rattle_yz.in,3404bb20195a23f9c96c74a776675bc08a9a9dd82e0a02b7ab46ae06360b820a,7732d6f9245150ab17a8c08d0b7297c508fc5c517b3f952b68ae60b0f461b233
67,cfg039_Al3Ni_biaxial_xy_expansion,Al3Ni,biaxial_xy_expansion,Expansion-75,Expansion-75:b889d46dee8989e4bf1d632be20fce46c403273f0e29ba284671ef1b859274f9,16,-25138.122429061823,ea09d9bdf50907d6481a3dea1c8e419b15fc346101b3d613e28b0523aeb083cd,16x3,97da876ad1cb3bc1db546cd085770b9745e1ff72cd523b1973f49304a168b36b,6,dad77124417aac41f20ff127a2071dd40cfad705dabf95682260c0efbb9ca6c9,/workspace/ni_al/data/processed/ni_al_expansion_dft_75.extxyz,ff69c2bfed14bfcf48931949647d8f1b3c9353a89c20378c9113155940792137,/workspace/ni_al/data/expansion_026_100/production_gpu/chunk_07/cfg039_Al3Ni_biaxial_xy_expansion/attempt_001/qe.out,/workspace/ni_al/data/expansion_026_100/qe_inputs/cfg039_Al3Ni_biaxial_xy_expansion.in,ffce39af4662712e6c1d8c23f4bf1b21e0c3dae9e3e9bace6e755eac4bb1634d,b889d46dee8989e4bf1d632be20fce46c403273f0e29ba284671ef1b859274f9
68,cfg056_Al3Ni5_uniaxial_x_expansion,Al3Ni5,uniaxial_x_expansion,Expansion-75,Expansion-75:20ac5a3b00aa7c7fd325f3d0e64fdbfdc56ea82e6bfd90d70cb2d593b7c78b98,8,-24969.603300633946,c3493efd0130e2f2d33e00d85b6419ebe9f5ae465e115938c3968d0cad3e1fbd,8x3,8574d7f66fc09f6a59c430aba2a3c76f32c6f5b49284acca8557e65ee271ea09,6,93be3129896e7d0d5f887d184f3ce2316f6a71a48d87a444dea10a2f75f9dd31,/workspace/ni_al/data/processed/ni_al_expansion_dft_75.extxyz,ff69c2bfed14bfcf48931949647d8f1b3c9353a89c20378c9113155940792137,/workspace/ni_al/data/expansion_026_100/production_gpu/chunk_07/cfg056_Al3Ni5_uniaxial_x_expansion/attempt_001/qe.out,/workspace/ni_al/data/expansion_026_100/qe_inputs/cfg056_Al3Ni5_uniaxial_x_expansion.in,b8c5a040932c7851de840976e28acd26ce78c83a9afd7a689c0fe44e1871b38b,20ac5a3b00aa7c7fd325f3d0e64fdbfdc56ea82e6bfd90d70cb2d593b7c78b98
69,cfg094_AlNi3_shear_xy_negative,AlNi3,shear_xy_negative,Expansion-75,Expansion-75:a118a5399e5f1499bc8a57aaf398c5b9cdf48930930bda7da0741a59135bc1e5,4,-14550.847121565163,67bf3ec488687b09055786cb67d335c9738e6d99df26e6a40873a88c95bfc286,4x3,2ea9ab9198d1638007400cd2c3bef1cc745b864b76011a0e1bc52180ac6452d4,6,80bd5ca0a5c552aa9f1883fc5aa74b2b036e2a4ac41902546d0b5e2cba4f7106,/workspace/ni_al/data/processed/ni_al_expansion_dft_75.extxyz,ff69c2bfed14bfcf48931949647d8f1b3c9353a89c20378c9113155940792137,/workspace/ni_al/data/expansion_026_100/production_gpu/chunk_07/cfg094_AlNi3_shear_xy_negative/attempt_001/qe.out,/workspace/ni_al/data/expansion_026_100/qe_inputs/cfg094_AlNi3_shear_xy_negative.in,8681d8aeb6c32f11c9dbe82ff5f4982216fe0651bdd5e997c537616ab83bc89b,a118a5399e5f1499bc8a57aaf398c5b9cdf48930930bda7da0741a59135bc1e5
70,cfg095_AlNi3_rattle_small,AlNi3,rattle_small,Expansion-75,Expansion-75:eb767dee8d74be1d787d2648f6cdea785a0a71702217db1bc2b9e4fee1d3d0cf,4,-14550.842812565339,3732424a113da6ea7a8f12b6c014dce2408df129f827afa4e0f7ea7e4075ca99,4x3,fa751330b58e96090aae29abe8daa19d2268c4781fa2716bc3ac6f5820907b66,6,d7bf2eb11f3ebbb483246ca5922d4e494c98d44a5844a6414705a70f68eb7e3b,/workspace/ni_al/data/processed/ni_al_expansion_dft_75.extxyz,ff69c2bfed14bfcf48931949647d8f1b3c9353a89c20378c9113155940792137,/workspace/ni_al/data/expansion_026_100/production_gpu/chunk_07/cfg095_AlNi3_rattle_small/attempt_001/qe.out,/workspace/ni_al/data/expansion_026_100/qe_inputs/cfg095_AlNi3_rattle_small.in,eac4cf201441ee4df749383fd9d68744790652423c207e7123019053bc3011b2,eb767dee8d74be1d787d2648f6cdea785a0a71702217db1bc2b9e4fee1d3d0cf
71,cfg071_Al3Ni2_orthorhombic_xy,Al3Ni2,orthorhombic_xy,Expansion-75,Expansion-75:fb8b58c4dbc763e41813f1c08d2fcc427beb10dfc86765ae7c5b82c2501db3bf,5,-10956.493817794915,3b5ea58e2e775512487958bad6ab4498224c8ae91131124254affa0332d717af,5x3,4d8fba12e82bab6e71ec11585a41ede4cd5b2591e3e6b844ffee6bb2caf1af97,6,6b865dfbefd9e507b63c3c078341248930c0c66ed6385be7d5c6f9a359212eda,/workspace/ni_al/data/processed/ni_al_expansion_dft_75.extxyz,ff69c2bfed14bfcf48931949647d8f1b3c9353a89c20378c9113155940792137,/workspace/ni_al/data/expansion_026_100/production_gpu/chunk_07/cfg071_Al3Ni2_orthorhombic_xy/attempt_001/qe.out,/workspace/ni_al/data/expansion_026_100/qe_inputs/cfg071_Al3Ni2_orthorhombic_xy.in,8ba508d92225a3fc5cb76f0e8c39c3e189b4c8f36d3b7f54527a6f295ade8892,fb8b58c4dbc763e41813f1c08d2fcc427beb10dfc86765ae7c5b82c2501db3bf
72,cfg072_Al3Ni2_shear_rattle_yz_positive,Al3Ni2,shear_rattle_yz_positive,Expansion-75,Expansion-75:da6da6e4c7c4f6671857ed5fa215888994404bb97bcef711fb151d0b550b8029,5,-10956.469778575054,434a6bc82571c991823cf3c270e1fde5828de51529703128508b13c67570f30c,5x3,25a641bc62e6c36ed847b5d1e8b4d6b7f4f813ccfdc9dd9672769f607195c509,6,3f391a95f0f4b3db1bdd036553259555ee756b4cb06c58a71eda216a97549946,/workspace/ni_al/data/processed/ni_al_expansion_dft_75.extxyz,ff69c2bfed14bfcf48931949647d8f1b3c9353a89c20378c9113155940792137,/workspace/ni_al/data/expansion_026_100/production_gpu/chunk_07/cfg072_Al3Ni2_shear_rattle_yz_positive/attempt_001/qe.out,/workspace/ni_al/data/expansion_026_100/qe_inputs/cfg072_Al3Ni2_shear_rattle_yz_positive.in,f572177fcce0c3e1b37bc9806d3029f429e3903830c8529ed85cf50562184dca,da6da6e4c7c4f6671857ed5fa215888994404bb97bcef711fb151d0b550b8029
73,cfg040_Al3Ni_rattle_medium,Al3Ni,rattle_medium,Expansion-75,Expansion-75:ddbdb84a91ea5268231ec28cd45906575c2e137b41b9a3a22f92141d01c83f02,16,-25138.057633301589,7193a1c443437d914ae0be4c6f4f36e615146901223b8298ca23305a9a0e79db,16x3,3d7112557a1f2a2b32a8453083c49888512d0ab52a0042c51c13732b942386e9,6,d169df98c7fa079c228378f51fdc6ff80b795058cb3f57a134e22efc6dd6e983,/workspace/ni_al/data/processed/ni_al_expansion_dft_75.extxyz,ff69c2bfed14bfcf48931949647d8f1b3c9353a89c20378c9113155940792137,/workspace/ni_al/data/expansion_026_100/production_gpu/chunk_08/cfg040_Al3Ni_rattle_medium/attempt_001/qe.out,/workspace/ni_al/data/expansion_026_100/qe_inputs/cfg040_Al3Ni_rattle_medium.in,0912a4cbef4fe76b82699b7143a8e0a8d8985464ea02a503a5a202b9d5a11587,ddbdb84a91ea5268231ec28cd45906575c2e137b41b9a3a22f92141d01c83f02
74,cfg041_Al3Ni_uniaxial_z_compression,Al3Ni,uniaxial_z_compression,Expansion-75,Expansion-75:b1f4b9eb88934c34e23ac973e05faf5a3b770dfacde6c5fc7f284144451537a0,16,-25138.097257010642,9b6a99d309e30bc4daa4609c5fe14b3f01f18d7d6ac76bb72ef9f580ee2c95cc,16x3,134fea9e509784eb01724af29a5562af7409005f89420931cfc4d54fbed58b69,6,4c889aee3de7a75f6dbe2c7b4609befb31fc84634cffa7c1fd88cb525868bd11,/workspace/ni_al/data/processed/ni_al_expansion_dft_75.extxyz,ff69c2bfed14bfcf48931949647d8f1b3c9353a89c20378c9113155940792137,/workspace/ni_al/data/expansion_026_100/production_gpu/chunk_08/cfg041_Al3Ni_uniaxial_z_compression/attempt_001/qe.out,/workspace/ni_al/data/expansion_026_100/qe_inputs/cfg041_Al3Ni_uniaxial_z_compression.in,672818e27e1e8e7c2dc25165a3597fe5f937d92bf9d1fd51b7fd44486227201d,b1f4b9eb88934c34e23ac973e05faf5a3b770dfacde6c5fc7f284144451537a0
75,cfg057_Al3Ni5_shear_rattle_xz_positive,Al3Ni5,shear_rattle_xz_positive,Expansion-75,Expansion-75:3cbf08351a54553cafbe7ec08f53349875c1d045e517410281dbb17352d8a735,8,-24969.551291940359,ed611734fe9cba0a6385d9e50f74f1c883b49e9854339ffab80db23be3e92e88,8x3,e255f0c4c52434393e0c9aec659ab1c0389e7ba4f210cfae090375a70662a023,6,99e2f6369b4d42eb272dd22ef644a2c6bc2f59a3a33be46418265dd4be62fc08,/workspace/ni_al/data/processed/ni_al_expansion_dft_75.extxyz,ff69c2bfed14bfcf48931949647d8f1b3c9353a89c20378c9113155940792137,/workspace/ni_al/data/expansion_026_100/production_gpu/chunk_08/cfg057_Al3Ni5_shear_rattle_xz_positive/attempt_001/qe.out,/workspace/ni_al/data/expansion_026_100/qe_inputs/cfg057_Al3Ni5_shear_rattle_xz_positive.in,cd4dbaac3cafaab2e9226c1d04f0bb8fbf1193a8aa9fd4babea7c36d293a7d96,3cbf08351a54553cafbe7ec08f53349875c1d045e517410281dbb17352d8a735
76,cfg096_AlNi3_rattle_large,AlNi3,rattle_large,Expansion-75,Expansion-75:85f52160851f7cd707867929a28b79a260e2a4795e61208bd4dd87393ccfcb10,4,-14550.808372471454,899a049e88f741dfba2fc689878b1af2dbbc8878ec2c6d033355de61eaa935d8,4x3,e22af1791bc00b43a86959ec4f0b7780701d3dba20a99b1d2e1185a211234f69,6,b64b91ca651093e96cb369a8f2de27a0da14636c53043c4b37998616e4fc3f75,/workspace/ni_al/data/processed/ni_al_expansion_dft_75.extxyz,ff69c2bfed14bfcf48931949647d8f1b3c9353a89c20378c9113155940792137,/workspace/ni_al/data/expansion_026_100/production_gpu/chunk_08/cfg096_AlNi3_rattle_large/attempt_001/qe.out,/workspace/ni_al/data/expansion_026_100/qe_inputs/cfg096_AlNi3_rattle_large.in,0e87ebf4ad8a5bbd24f731236b7b14b0288dd5319045e4b19bfe53389f76dd74,85f52160851f7cd707867929a28b79a260e2a4795e61208bd4dd87393ccfcb10
77,cfg097_AlNi3_orthorhombic_xz,AlNi3,orthorhombic_xz,Expansion-75,Expansion-75:e09361e2a84416c6b170a574af97162789b8e9640deccb4fe36139e31acbed39,4,-14550.841931579858,1baeeca1466ae35514e94c16d7b8a85f03332798ca38890ae5fdaf684244f8b5,4x3,2ea9ab9198d1638007400cd2c3bef1cc745b864b76011a0e1bc52180ac6452d4,6,21b777055fad0b9e9447406cfaadcf72e67a0ee465e03708d5d53e7bf1955b0a,/workspace/ni_al/data/processed/ni_al_expansion_dft_75.extxyz,ff69c2bfed14bfcf48931949647d8f1b3c9353a89c20378c9113155940792137,/workspace/ni_al/data/expansion_026_100/production_gpu/chunk_08/cfg097_AlNi3_orthorhombic_xz/attempt_001/qe.out,/workspace/ni_al/data/expansion_026_100/qe_inputs/cfg097_AlNi3_orthorhombic_xz.in,dcd640426eb18bd5b04d05cd14184d8a90287066b80202b73a9d0f68586e982a,e09361e2a84416c6b170a574af97162789b8e9640deccb4fe36139e31acbed39
78,cfg073_Al3Ni2_biaxial_xy_compression,Al3Ni2,biaxial_xy_compression,Expansion-75,Expansion-75:56a7d9bb7f7d72dfad239c3b7cb9332e9346382eb849d6058c252fb8a3f275e1,5,-10956.46615260792,66d5145962c1be5929b7b68bb69d6b8a6939fb6c9879c8e7396326fd6c305d35,5x3,5822a3a5739317873a24c9fc301a3a599ca7890b592d0aa072334185cc14913b,6,b4ed06b79b56265f2758ecd44bc8072e61edd3bd3d24c10f63a8f3239372ef8f,/workspace/ni_al/data/processed/ni_al_expansion_dft_75.extxyz,ff69c2bfed14bfcf48931949647d8f1b3c9353a89c20378c9113155940792137,/workspace/ni_al/data/expansion_026_100/production_gpu/chunk_08/cfg073_Al3Ni2_biaxial_xy_compression/attempt_001/qe.out,/workspace/ni_al/data/expansion_026_100/qe_inputs/cfg073_Al3Ni2_biaxial_xy_compression.in,967594aef0872f3bf98e53b2445adae283a71e3a1e833e4e86f5200efc067625,56a7d9bb7f7d72dfad239c3b7cb9332e9346382eb849d6058c252fb8a3f275e1
79,cfg080_AlNi_uniaxial_x_expansion,AlNi,uniaxial_x_expansion,Expansion-75,Expansion-75:fb794e8beced9ea27e39f186303f6c880e9afbbc4c34e11ff82c3b374321a6c0,2,-5209.3083669757043,5819487429c9df936e7ab6ad78efb6ac707cc4aaac43e3fa2141228af6fca63f,2x3,17b0761f87b081d5cf10757ccc89f12be355c70e2e29df288b65b30710dcbcd1,6,4078251f2885f09f0e413e127cf16e3ff4de8330a498c66bd8505719a9e4d2a8,/workspace/ni_al/data/processed/ni_al_expansion_dft_75.extxyz,ff69c2bfed14bfcf48931949647d8f1b3c9353a89c20378c9113155940792137,/workspace/ni_al/data/expansion_026_100/production_gpu/chunk_08/cfg080_AlNi_uniaxial_x_expansion/attempt_001/qe.out,/workspace/ni_al/data/expansion_026_100/qe_inputs/cfg080_AlNi_uniaxial_x_expansion.in,c4d32edd7a731afd9fa0415795c14cf4c629825c8a4e793099025939aaa6aaf9,fb794e8beced9ea27e39f186303f6c880e9afbbc4c34e11ff82c3b374321a6c0
80,cfg081_AlNi_shear_xy_negative,AlNi,shear_xy_negative,Expansion-75,Expansion-75:03ef2b56bae196fd0ecaf6e60dc641a5cb646396efde5aa3165bfb8748928b44,2,-5209.3109482564469,2eb1299b839329de2d5fc899984307cef765c99c16a9591a8a566530474189e7,2x3,17b0761f87b081d5cf10757ccc89f12be355c70e2e29df288b65b30710dcbcd1,6,9c2825157add2f2ba3ba58ddcba2b47c54c308141921f8d2f73be515e4100fd6,/workspace/ni_al/data/processed/ni_al_expansion_dft_75.extxyz,ff69c2bfed14bfcf48931949647d8f1b3c9353a89c20378c9113155940792137,/workspace/ni_al/data/expansion_026_100/production_gpu/chunk_08/cfg081_AlNi_shear_xy_negative/attempt_001/qe.out,/workspace/ni_al/data/expansion_026_100/qe_inputs/cfg081_AlNi_shear_xy_negative.in,8bf7a3953d98cf142ec6a52371408951c8e0490c12afcd2c178ba54e5e57b69c,03ef2b56bae196fd0ecaf6e60dc641a5cb646396efde5aa3165bfb8748928b44
81,cfg082_AlNi_rattle_small,AlNi,rattle_small,Expansion-75,Expansion-75:4340988fbb90e74f1f809a7a5689b8529fac355e8171a06978443abec26a0cf5,2,-5209.3083329284345,78b51d54773f2eea7e6d684180b29d86264c8dd182478f9a301a2de4ebd6376b,2x3,1dedf58b3566efd4938ece8eb0ceb3eadd0c8f62a34341cfdf968d8b60001dec,6,0dccac2039d8016f634e8af2b6e750da670bb585fd2b71b5b9e86901c4d64ee3,/workspace/ni_al/data/processed/ni_al_expansion_dft_75.extxyz,ff69c2bfed14bfcf48931949647d8f1b3c9353a89c20378c9113155940792137,/workspace/ni_al/data/expansion_026_100/production_gpu/chunk_08/cfg082_AlNi_rattle_small/attempt_001/qe.out,/workspace/ni_al/data/expansion_026_100/qe_inputs/cfg082_AlNi_rattle_small.in,2bfa058bd8fb8b74c60f77f264fd623562fb043ba37f8f78fb5824dd2ac9eee2,4340988fbb90e74f1f809a7a5689b8529fac355e8171a06978443abec26a0cf5
82,cfg042_Al3Ni_shear_xz_negative,Al3Ni,shear_xz_negative,Expansion-75,Expansion-75:ecb7af6c02006796e02b230552d18b100674d50ec85712f5a6adc1b52e48fe65,16,-25138.157230651286,7b4667b9dd6b28d1a8e084505ef00eeb89005a80a3adddb6653074250b043012,16x3,3aa29145f136ce016322344612ec8f7a5c43cab8cee270f61f5b3fddc6098569,6,0532daaff70c948c208f1b038caf57e5308493a57c9e00c32c9a2be1b771d6d3,/workspace/ni_al/data/processed/ni_al_expansion_dft_75.extxyz,ff69c2bfed14bfcf48931949647d8f1b3c9353a89c20378c9113155940792137,/workspace/ni_al/data/expansion_026_100/production_gpu/chunk_09/cfg042_Al3Ni_shear_xz_negative/attempt_001/qe.out,/workspace/ni_al/data/expansion_026_100/qe_inputs/cfg042_Al3Ni_shear_xz_negative.in,626a52dd9b52eba712bfcf0753248321633b3fbb7f7312cbe5cc1311d77664e1,ecb7af6c02006796e02b230552d18b100674d50ec85712f5a6adc1b52e48fe65
83,cfg043_Al3Ni_volume_rattle_expansion,Al3Ni,volume_rattle_expansion,Expansion-75,Expansion-75:ff5a34be6a7b831cff8952710c94b1ec99605051630056b7b7152ae5109a6718,16,-25137.321129386197,26da06073af9b147a85ce392af281b6a765b41668dfcd8aa2bc7a85c9d231198,16x3,7bddd9dd2c28e4d859c0dd661269b2f63e1b631dc69704f5c310985a61918c31,6,b93df226762d8ed0c20d79bb7061de9c436c02dc48192f507849d0b8616c9c02,/workspace/ni_al/data/processed/ni_al_expansion_dft_75.extxyz,ff69c2bfed14bfcf48931949647d8f1b3c9353a89c20378c9113155940792137,/workspace/ni_al/data/expansion_026_100/production_gpu/chunk_09/cfg043_Al3Ni_volume_rattle_expansion/attempt_001/qe.out,/workspace/ni_al/data/expansion_026_100/qe_inputs/cfg043_Al3Ni_volume_rattle_expansion.in,12956fa99e219b1461884e973e16310e68705e664da7e0245621c654055950ee,ff5a34be6a7b831cff8952710c94b1ec99605051630056b7b7152ae5109a6718
84,cfg058_Al3Ni5_biaxial_xz_compression,Al3Ni5,biaxial_xz_compression,Expansion-75,Expansion-75:953733fe62cdeb011cea6adf5c4678f11b7cf33ed9ccd4996570bfd4d793fd0c,8,-24969.56037503172,6d245fb4c24a0739abac82a9e6931c948fc4524c841fea9ccfc61a9f71c4e10d,8x3,a3c8d99f656b65ae4410335a61555e230a1173bd3ceea2df45ec371d950ee338,6,8cfcb480afb86e950b59efb07f579a2845061441b9c31b5e603e6162d3c975be,/workspace/ni_al/data/processed/ni_al_expansion_dft_75.extxyz,ff69c2bfed14bfcf48931949647d8f1b3c9353a89c20378c9113155940792137,/workspace/ni_al/data/expansion_026_100/production_gpu/chunk_09/cfg058_Al3Ni5_biaxial_xz_compression/attempt_001/qe.out,/workspace/ni_al/data/expansion_026_100/qe_inputs/cfg058_Al3Ni5_biaxial_xz_compression.in,6f72e68041008b498dfcd9dc1a4709d121265f41893ae4608510b4ecd104ca01,953733fe62cdeb011cea6adf5c4678f11b7cf33ed9ccd4996570bfd4d793fd0c
85,cfg098_AlNi3_volume_rattle_compression,AlNi3,volume_rattle_compression,Expansion-75,Expansion-75:cc1fa587d179abb2086626ba0c44c3e5107194fe3047432315b4344eea9e69ab,4,-14550.680652230983,3add8d35b4b9b1e9e40515d41bc780ba6189640eae00f905061a63ba0ba574d4,4x3,e45ea45dd4a9205a039727c729219fce655d499c37748d94f7541d0196f54ad4,6,9850e675ae431039ed1b29ac936daa9be35cfd7f0cf0c58f890a15e485bba5d2,/workspace/ni_al/data/processed/ni_al_expansion_dft_75.extxyz,ff69c2bfed14bfcf48931949647d8f1b3c9353a89c20378c9113155940792137,/workspace/ni_al/data/expansion_026_100/production_gpu/chunk_09/cfg098_AlNi3_volume_rattle_compression/attempt_001/qe.out,/workspace/ni_al/data/expansion_026_100/qe_inputs/cfg098_AlNi3_volume_rattle_compression.in,b15fb4b02f5f93ab1c6504d76634e0ec2d5d637594a65d08b5463a94bb441cbd,cc1fa587d179abb2086626ba0c44c3e5107194fe3047432315b4344eea9e69ab
86,cfg099_AlNi3_biaxial_yz_expansion,AlNi3,biaxial_yz_expansion,Expansion-75,Expansion-75:6cf4191dc946500341b38be15aabaff5bce0d7b1165e75f65cd6c541fdf4035f,4,-14550.815060822513,d3b397bf77d6819d0eb6edb30b52da9cc749dae7f08dc0055b8f3cdc5a4c22e0,4x3,2ea9ab9198d1638007400cd2c3bef1cc745b864b76011a0e1bc52180ac6452d4,6,dc3f72e041ae7237e2514774ae1b66090ccfa85c596f84c59854187f3cb7430d,/workspace/ni_al/data/processed/ni_al_expansion_dft_75.extxyz,ff69c2bfed14bfcf48931949647d8f1b3c9353a89c20378c9113155940792137,/workspace/ni_al/data/expansion_026_100/production_gpu/chunk_09/cfg099_AlNi3_biaxial_yz_expansion/attempt_001/qe.out,/workspace/ni_al/data/expansion_026_100/qe_inputs/cfg099_AlNi3_biaxial_yz_expansion.in,a0fa899d9be0a4c1239761888c10168a8cb09f1015a2663eee407297a49a9d3c,6cf4191dc946500341b38be15aabaff5bce0d7b1165e75f65cd6c541fdf4035f
87,cfg074_Al3Ni2_shear_xz_negative,Al3Ni2,shear_xz_negative,Expansion-75,Expansion-75:938377dde1fafd77c751939e705411d6d21c90b6dd927663710a5a3e81b78785,5,-10956.504201938653,7ea332f8229d85a3dd2fabee70e315ef438abfb5b7ec626305b98a6d7c53fa20,5x3,e250575280fdc20e2cbf957f3b7d43d6641f35f8c44173ad6db1cdcb6a6e0a56,6,06c8f5ce38ebe30f0bca65b8124fd186728ca5a01a172ed7161b07cb9478f706,/workspace/ni_al/data/processed/ni_al_expansion_dft_75.extxyz,ff69c2bfed14bfcf48931949647d8f1b3c9353a89c20378c9113155940792137,/workspace/ni_al/data/expansion_026_100/production_gpu/chunk_09/cfg074_Al3Ni2_shear_xz_negative/attempt_001/qe.out,/workspace/ni_al/data/expansion_026_100/qe_inputs/cfg074_Al3Ni2_shear_xz_negative.in,cef97f0189d383b8daf89f379c4ac02fcae4d167431a7288b76aec51a9011212,938377dde1fafd77c751939e705411d6d21c90b6dd927663710a5a3e81b78785
88,cfg083_AlNi_rattle_large,AlNi,rattle_large,Expansion-75,Expansion-75:a01c2b7af25d3e6db8db3ca24661f0d9bea40bf9214aec4051dcbecb8b29759c,2,-5209.2809977386332,4ae6016bfb2f15db99578005793c54b641494437acf5570d92abbc430ed99e93,2x3,96119ec74f37fa9d88f36a6dde1c411757e0c4725cbce69cf13c674f8bb5df40,6,5c519ceb75c26c2f98993cc6490bb548dfef5d4a23e0ce3a97779709397f9398,/workspace/ni_al/data/processed/ni_al_expansion_dft_75.extxyz,ff69c2bfed14bfcf48931949647d8f1b3c9353a89c20378c9113155940792137,/workspace/ni_al/data/expansion_026_100/production_gpu/chunk_09/cfg083_AlNi_rattle_large/attempt_001/qe.out,/workspace/ni_al/data/expansion_026_100/qe_inputs/cfg083_AlNi_rattle_large.in,5afe1f7431e95196094dcbdd00d2a650099fa32b3416d1d34949d2c7ad5c7b8d,a01c2b7af25d3e6db8db3ca24661f0d9bea40bf9214aec4051dcbecb8b29759c
89,cfg084_AlNi_volume_rattle_compression,AlNi,volume_rattle_compression,Expansion-75,Expansion-75:ea2acbdebf2b6b61f45452833ba2e43cf2d46e28675493caeda07212e051a114,2,-5209.2271780224055,7e8690ddc51da90ee8a13e56f78f1e42ea7899b68855eb98c9de02af425ece38,2x3,cd8b0b0bba3cb63a769f640e3ff3389818513078deed59498cc583e4acaf7a40,6,2448cfc5c8dc94b9bb4c748e5e390660268fbb6ad7694591ad1ecf4ef17c0c32,/workspace/ni_al/data/processed/ni_al_expansion_dft_75.extxyz,ff69c2bfed14bfcf48931949647d8f1b3c9353a89c20378c9113155940792137,/workspace/ni_al/data/expansion_026_100/production_gpu/chunk_09/cfg084_AlNi_volume_rattle_compression/attempt_001/qe.out,/workspace/ni_al/data/expansion_026_100/qe_inputs/cfg084_AlNi_volume_rattle_compression.in,c15abba6b83cec2bdc7d9088ec288e471734de0ec95f50479e7edf37dd4617e8,ea2acbdebf2b6b61f45452833ba2e43cf2d46e28675493caeda07212e051a114
90,cfg085_AlNi_orthorhombic_yz,AlNi,orthorhombic_yz,Expansion-75,Expansion-75:4cc84a1613eefe617d570d341d0862ad6e001f53e6177b191c7dc26612177e02,2,-5209.3084503355512,13b6ae40dac05f19e4d7d78b04d1a1b73963d4120778aa4ff8af2a2e2bf1e23e,2x3,17b0761f87b081d5cf10757ccc89f12be355c70e2e29df288b65b30710dcbcd1,6,a40c445f92a671dd7e7227d56e8c09ad2b84089caa305b1ce6e6dbe40d7a14b3,/workspace/ni_al/data/processed/ni_al_expansion_dft_75.extxyz,ff69c2bfed14bfcf48931949647d8f1b3c9353a89c20378c9113155940792137,/workspace/ni_al/data/expansion_026_100/production_gpu/chunk_09/cfg085_AlNi_orthorhombic_yz/attempt_001/qe.out,/workspace/ni_al/data/expansion_026_100/qe_inputs/cfg085_AlNi_orthorhombic_yz.in,067c33c3950d74d202abade3fd1948dbd840f7a33e881bc2a53446723577e6e5,4cc84a1613eefe617d570d341d0862ad6e001f53e6177b191c7dc26612177e02
91,cfg044_Al3Ni_shear_rattle_xy_negative,Al3Ni,shear_rattle_xy_negative,Expansion-75,Expansion-75:659c968599dcdd1a51d17775afd70de0524ebde61f5a85be3f83a6980ce3857c,16,-25137.898910042906,908d1e64ab8ab12b08485f64c4062df8ecafb230f43fc39ce868fccf423f49d6,16x3,9ba1c2094a1cae13aceed9804050fa35fe0492705bde542291d19100a8b7054b,6,428077c82d94fa16d8021529bb1d07406d4c584668ca5a34e055baeda813abb8,/workspace/ni_al/data/processed/ni_al_expansion_dft_75.extxyz,ff69c2bfed14bfcf48931949647d8f1b3c9353a89c20378c9113155940792137,/workspace/ni_al/data/expansion_026_100/production_gpu/chunk_10/cfg044_Al3Ni_shear_rattle_xy_negative/attempt_001/qe.out,/workspace/ni_al/data/expansion_026_100/qe_inputs/cfg044_Al3Ni_shear_rattle_xy_negative.in,4e37d5ab801d49c9d4e1f0918245efe91893878ae5095a21e0ec81108b454fd6,659c968599dcdd1a51d17775afd70de0524ebde61f5a85be3f83a6980ce3857c
92,cfg059_Al3Ni5_shear_yz_negative,Al3Ni5,shear_yz_negative,Expansion-75,Expansion-75:f75267cd64d6e278bb9e971d0d749293d08dfcfcd6037879be5dd6dc6623086a,8,-24969.621259105264,9383f1492af5a5b3af4bec79b75f41e471f235404fc3f04c485a8a6410d35ac8,8x3,650f4d97f729a51d32911c1189711b13b870760a29edd5c9d5d6eb0c6a00c2c4,6,5daa235ae5ada5a0fe26f6b2bd86be952659b157228779fcd2ef0c4852a48f03,/workspace/ni_al/data/processed/ni_al_expansion_dft_75.extxyz,ff69c2bfed14bfcf48931949647d8f1b3c9353a89c20378c9113155940792137,/workspace/ni_al/data/expansion_026_100/production_gpu/chunk_10/cfg059_Al3Ni5_shear_yz_negative/attempt_001/qe.out,/workspace/ni_al/data/expansion_026_100/qe_inputs/cfg059_Al3Ni5_shear_yz_negative.in,1219edb330aefafab83cd0a3bf1ef609f266d779a95d5befe66d7b5afd0be0f8,f75267cd64d6e278bb9e971d0d749293d08dfcfcd6037879be5dd6dc6623086a
93,cfg060_Al3Ni5_volume_rattle_expansion,Al3Ni5,volume_rattle_expansion,Expansion-75,Expansion-75:9455f6f88543c4c489b1aea072da480342723e30f21d07e3be5e0e0f968885fe,8,-24969.129342588287,70135930e916288c865bdaa46714b5d141d4fdf40614a42167acaa987b7186b0,8x3,6e000ab0ef6fc9f4377f7e384513fbd3287a6c418204098d01d71d76b0483ece,6,967664077dea6626d5976e7caa9f3e21e2ffcb16c0b45cc0c12af45b9c37f58f,/workspace/ni_al/data/processed/ni_al_expansion_dft_75.extxyz,ff69c2bfed14bfcf48931949647d8f1b3c9353a89c20378c9113155940792137,/workspace/ni_al/data/expansion_026_100/production_gpu/chunk_10/cfg060_Al3Ni5_volume_rattle_expansion/attempt_001/qe.out,/workspace/ni_al/data/expansion_026_100/qe_inputs/cfg060_Al3Ni5_volume_rattle_expansion.in,ab4cd1bfb7f6946aa5cd8370fa47d8da93355dad4a45ac516fc4a11173fa8400,9455f6f88543c4c489b1aea072da480342723e30f21d07e3be5e0e0f968885fe
94,cfg061_Al3Ni5_rattle_xlarge,Al3Ni5,rattle_xlarge,Expansion-75,Expansion-75:cb9c94571ae44e152048042e7d2d2619648266f4ad641724fb574ae07c4c7812,8,-24969.412608104598,96fdf70d683397c3da0eda7b7769a4a7b2b69c91392dc30b89250b920390daf2,8x3,1be4ee48394113f9029862905e0025c68af5079331eccf1314c6cab1c3a5a4ea,6,62415872e76c0399bf21025b474e865d8a0b13b2e12bf979ba05549f42f4145d,/workspace/ni_al/data/processed/ni_al_expansion_dft_75.extxyz,ff69c2bfed14bfcf48931949647d8f1b3c9353a89c20378c9113155940792137,/workspace/ni_al/data/expansion_026_100/production_gpu/chunk_10/cfg061_Al3Ni5_rattle_xlarge/attempt_001/qe.out,/workspace/ni_al/data/expansion_026_100/qe_inputs/cfg061_Al3Ni5_rattle_xlarge.in,3418cbdeb4241d3920a9380233a8ef40d3b2290f81432cdea8b9e2b1e8d1bbbf,cb9c94571ae44e152048042e7d2d2619648266f4ad641724fb574ae07c4c7812
95,cfg100_AlNi3_shear_rattle_xz_negative,AlNi3,shear_rattle_xz_negative,Expansion-75,Expansion-75:2672461e70e32842b65a6bc9b8870fb05bd6c22bf0d96b922f13714ad1838f91,4,-14550.819392385223,8fc37fe6a3c27f79f06f344c092e8f0b6aae85647dfd4929bb5d90776a744139,4x3,5b5d20f199d9b28d56db49006de3ff8793e361cb568417848dd1da66d638a10e,6,bf63499f79eb78cc804413355dbbaee2c8512a59a185aca1f4e0413c8cd97d92,/workspace/ni_al/data/processed/ni_al_expansion_dft_75.extxyz,ff69c2bfed14bfcf48931949647d8f1b3c9353a89c20378c9113155940792137,/workspace/ni_al/data/expansion_026_100/production_gpu/chunk_10/cfg100_AlNi3_shear_rattle_xz_negative/attempt_001/qe.out,/workspace/ni_al/data/expansion_026_100/qe_inputs/cfg100_AlNi3_shear_rattle_xz_negative.in,59717123c2326d9e488a71304abab90fa12fcf9904a6c63944c796acb6170911,2672461e70e32842b65a6bc9b8870fb05bd6c22bf0d96b922f13714ad1838f91
96,cfg075_Al3Ni2_volume_rattle_expansion,Al3Ni2,volume_rattle_expansion,Expansion-75,Expansion-75:9deca2926255febe78a0e50a6eeb74aff096863cab3fd5201691b9dccf628aa1,5,-10956.215743735123,1f1764c1f62a4effd9c08db63ecf87717a2942ffedde46ad5a737992df21b0ee,5x3,b0d0fc9b9c68827082e03ae958a3548ae95b6e6fff45d8751e5bd1fd0c3d0a0b,6,4f2b0155908f4f77aee2a328af4a2157aa1e4a71897c0fd4e53204de1a9f2387,/workspace/ni_al/data/processed/ni_al_expansion_dft_75.extxyz,ff69c2bfed14bfcf48931949647d8f1b3c9353a89c20378c9113155940792137,/workspace/ni_al/data/expansion_026_100/production_gpu/chunk_10/cfg075_Al3Ni2_volume_rattle_expansion/attempt_001/qe.out,/workspace/ni_al/data/expansion_026_100/qe_inputs/cfg075_Al3Ni2_volume_rattle_expansion.in,b0cd42d192f50b3cb0535fb5070d86700fa7f8ade963d9a1c499252b11b8a95b,9deca2926255febe78a0e50a6eeb74aff096863cab3fd5201691b9dccf628aa1
97,cfg086_AlNi_shear_rattle_xz_positive,AlNi,shear_rattle_xz_positive,Expansion-75,Expansion-75:a17005f9f37cab9a27bb7b7fe77bc2cc599252bce7df8e9423f2bc3cf2ddf9a7,2,-5209.2949286101439,41bc708f190b31449fe6e65b77309d6c35f8a2c1019b48086cca9b9d7e9ae269,2x3,546396dd07d20b2112b6e80fda4566a3e8a1d027095268fb9fd04446fbea2f9d,6,9a55d159125a544268037d7d205a986aea0becc82f4114e4433670f802f2f105,/workspace/ni_al/data/processed/ni_al_expansion_dft_75.extxyz,ff69c2bfed14bfcf48931949647d8f1b3c9353a89c20378c9113155940792137,/workspace/ni_al/data/expansion_026_100/production_gpu/chunk_10/cfg086_AlNi_shear_rattle_xz_positive/attempt_001/qe.out,/workspace/ni_al/data/expansion_026_100/qe_inputs/cfg086_AlNi_shear_rattle_xz_positive.in,baff1d80209b26089f7107b97947cf848c2b77b768fbf82fe12fd680966e3a10,a17005f9f37cab9a27bb7b7fe77bc2cc599252bce7df8e9423f2bc3cf2ddf9a7
98,cfg087_AlNi_biaxial_xz_compression,AlNi,biaxial_xz_compression,Expansion-75,Expansion-75:7df03d6d565f8532c87cc70ac8d888688301a48798132d646ed03012e68c054e,2,-5209.2936150077176,39870d3dbe1c09ac2e8bebda43a7619ad8db5c49c38df67b1246008db8ef902c,2x3,17b0761f87b081d5cf10757ccc89f12be355c70e2e29df288b65b30710dcbcd1,6,5ba3ef418e452ccd602e4d17afac24dd83f196a7485f6bcca115959e79d3b372,/workspace/ni_al/data/processed/ni_al_expansion_dft_75.extxyz,ff69c2bfed14bfcf48931949647d8f1b3c9353a89c20378c9113155940792137,/workspace/ni_al/data/expansion_026_100/production_gpu/chunk_10/cfg087_AlNi_biaxial_xz_compression/attempt_001/qe.out,/workspace/ni_al/data/expansion_026_100/qe_inputs/cfg087_AlNi_biaxial_xz_compression.in,b90084fba9023f2e5813e98622ef6a37978bbcf56fbcfe18e3fb3cca3f5bdf67,7df03d6d565f8532c87cc70ac8d888688301a48798132d646ed03012e68c054e
99,cfg088_AlNi_shear_rattle_yz_negative,AlNi,shear_rattle_yz_negative,Expansion-75,Expansion-75:685d8de95f3dec18c0cea95fcf28ec3d7c2a031707b49774c136de400e5f712e,2,-5209.3022902142711,feb3681605ff3f1ceed456bcce1741bfeed38e438e6883ac37820fad119158d1,2x3,01f073576d6b29e0caf4197c0502d6a7e5b200743cabe9c7efbf77a7b2915d7d,6,147c96ff84d4f952eb1e0022b71f2b47ec2d92369163036c0a23ef9c7dc24692,/workspace/ni_al/data/processed/ni_al_expansion_dft_75.extxyz,ff69c2bfed14bfcf48931949647d8f1b3c9353a89c20378c9113155940792137,/workspace/ni_al/data/expansion_026_100/production_gpu/chunk_10/cfg088_AlNi_shear_rattle_yz_negative/attempt_001/qe.out,/workspace/ni_al/data/expansion_026_100/qe_inputs/cfg088_AlNi_shear_rattle_yz_negative.in,9553bfc00c5cb6921f2b47f221fdf16be5788422df33c1bea9df9ebd077aaee6,685d8de95f3dec18c0cea95fcf28ec3d7c2a031707b49774c136de400e5f712e
