config_id,phase,perturbation_family,scientific_family_category,natoms,strain_type,strain_value,rattle_sigma_A,shear_value,dft_relative_energy_mev_atom,pilot25_prediction_mev_atom,dataset100_prediction_mev_atom,pilot25_signed_error_mev_atom,dataset100_signed_error_mev_atom,pilot25_abs_error_mev_atom,dataset100_abs_error_mev_atom,change_in_abs_error_mev_atom
cfg043_Al3Ni_volume_rattle_expansion,Al3Ni,volume_rattle_expansion,combined_perturbations,16,isotropic,0.035,0.015,0,53.3830582110113,53.35970391661249,59.981569016372305,-0.02335429439881409,6.598510805361002,0.023354294398814091,6.598510805361002,6.5751565109621879
cfg058_Al3Ni5_biaxial_xz_compression,Al3Ni5,biaxial_xz_compression,other_established_families,8,biaxial_xz,-0.016,0,0,8.133062711749517,8.514125530837191,9.094579597785923,0.38106281908767414,0.9615168860364065,0.38106281908767414,0.9615168860364065,0.58045406694873236
cfg100_AlNi3_shear_rattle_xz_negative,AlNi3,shear_rattle_xz_negative,combined_perturbations,4,shear_xz,0,0.025,-0.022,7.112080263595999,7.373781100795895,7.417489736781135,0.26170083719989634,0.30540947318513645,0.26170083719989634,0.30540947318513645,0.043708635985240107
cfg041_Al3Ni_uniaxial_z_compression,Al3Ni,uniaxial_z_compression,other_established_families,16,uniaxial_z,-0.022,0,0,4.875081683167082,5.482085260609892,5.512368761401376,0.6070035774428106,0.6372870782342943,0.60700357744281064,0.63728707823429431,0.030283500791483675
cfg073_Al3Ni2_biaxial_xy_compression,Al3Ni2,biaxial_xy_compression,other_established_families,5,biaxial_xy,-0.018,0,0,9.294556419627042,12.341213248873828,12.357759721635375,3.0466568292467855,3.0632033020083327,3.0466568292467855,3.0632033020083327,0.016546472761547193
cfg088_AlNi_shear_rattle_yz_negative,AlNi,shear_rattle_yz_negative,combined_perturbations,2,shear_yz,0,0.015,-0.022,4.560079820748797,4.734363510578987,4.712993963948975,0.17428368983019027,0.15291414320017793,0.17428368983019027,0.15291414320017793,-0.021369546630012337
cfg074_Al3Ni2_shear_xz_negative,Al3Ni2,shear_xz_negative,shear,5,shear_xz,0,0,-0.022,1.6846902730321744,1.5837682942219544,1.750836964492919,-0.10092197881022003,0.06614669146074448,0.10092197881022003,0.066146691460744478,-0.034775287349475548
cfg042_Al3Ni_shear_xz_negative,Al3Ni,shear_xz_negative,shear,16,shear_xz,0,0,-0.018,1.1267291429248871,0.9573124204962369,1.1100339913809876,-0.16941672242865025,-0.016695151543899556,0.16941672242865025,0.016695151543899556,-0.15272157088475069
cfg061_Al3Ni5_rattle_xlarge,Al3Ni5,rattle_xlarge,rattle,8,none,0,0.05,0,26.60392860207139,27.04735776887901,26.815338867436367,0.44342916680761846,0.2114102653649752,0.44342916680761846,0.2114102653649752,-0.23201890144264325
cfg060_Al3Ni5_volume_rattle_expansion,Al3Ni5,volume_rattle_expansion,combined_perturbations,8,isotropic,0.035,0.015,0,62.01211814095586,58.59286599070401,58.9807623773595,-3.4192521502518503,-3.031355763596366,3.4192521502518503,3.0313557635963662,-0.38789638665548409
cfg059_Al3Ni5_shear_yz_negative,Al3Ni5,shear_yz_negative,shear,8,shear_yz,0,0,-0.022,0.5225535187491914,-1.2793614992006042,-0.8877745594872977,-1.8019150179497956,-1.410328078236489,1.8019150179497956,1.4103280782364891,-0.39158693971330649
cfg087_AlNi_biaxial_xz_compression,AlNi,biaxial_xz_compression,other_established_families,2,biaxial_xz,-0.018,0,0,8.897683097529807,6.878494978082017,7.555070333182812,-2.01918811944779,-1.3426127643469954,2.0191881194477901,1.3426127643469954,-0.6765753551007947
cfg099_AlNi3_biaxial_yz_expansion,AlNi3,biaxial_yz_expansion,other_established_families,4,biaxial_yz,0.018,0,0,8.194970941076463,7.08261125782883,8.049851156101795,-1.1123596832476323,-0.1451197849746677,1.1123596832476323,0.14511978497466771,-0.96723989827296464
cfg044_Al3Ni_shear_rattle_xy_negative,Al3Ni,shear_rattle_xy_negative,combined_perturbations,16,shear_xy,0,0.035,-0.025,17.271767166676,16.043609117105007,17.089373143107878,-1.2281580495709932,-0.18239402356812207,1.2281580495709932,0.18239402356812207,-1.0457640260028711
cfg075_Al3Ni2_volume_rattle_expansion,Al3Ni2,volume_rattle_expansion,combined_perturbations,5,isotropic,0.035,0.015,0,59.37633097892103,56.10742945318634,61.331476025952725,-3.268901525734691,1.9551450470316922,3.2689015257346909,1.9551450470316922,-1.3137564787029987
