method,subset,count,relative_energy_mae_mev_atom,relative_energy_rmse_mev_atom,relative_energy_max_abs_mev_atom,force_mae_evA,force_rmse_evA,force_max_evA
pun_mishin_2009,ALL_227,227,11.054804599260837,19.389448245182024,103.25775938883552,0.05267324068668062,0.07852329890498165,0.36406764487201004
pun_mishin_2009,ALL_227:Al3Ni,65,3.8073264945840863,4.812486164732741,9.277728998002829,0.06840000021286591,0.09048409737674659,0.36406764487201004
pun_mishin_2009,ALL_227:Al3Ni2,38,10.298035778967424,14.8863567248767,39.55911918612216,0.03685866847817415,0.063552396670914,0.2483958266897
pun_mishin_2009,ALL_227:Al3Ni5,42,14.704058044943022,22.98169950132785,63.8453845112883,0.04577512108556952,0.07273164293397107,0.21753711169322099
pun_mishin_2009,ALL_227:AlNi,41,18.952469619060953,31.27903926211059,103.25775938883552,0.0013604378329602914,0.004012748100687523,0.023782659766900013
pun_mishin_2009,ALL_227:AlNi3,41,11.610179756448199,17.887386905736133,49.01435178964775,0.011053465274253351,0.026091185520013233,0.12669108845649996
pun_mishin_2009,RESERVED_20,20,8.820212413336105,15.590093945434514,50.59102638729129,0.05490091909353971,0.07879019328440066,0.26482639395543
pun_mishin_2009,RESERVED_20:Al3Ni,5,2.8570472954830173,3.8403546689105705,7.14742856857864,0.06984998782197198,0.08981042451688893,0.26482639395543
pun_mishin_2009,RESERVED_20:Al3Ni2,4,11.600610206350837,15.711223457605142,26.645486470571456,0.038076515276203524,0.06587963881616372,0.1929262923772
pun_mishin_2009,RESERVED_20:Al3Ni5,5,14.477161290843203,24.026719834213413,50.59102638729129,0.051153632153708335,0.07592979477617508,0.20130912609256058
pun_mishin_2009,RESERVED_20:AlNi,3,8.970919432548166,15.449841918840697,26.7596679021338,0.0025505772259046865,0.0032711662424813625,0.005398407387600002
pun_mishin_2009,RESERVED_20:AlNi3,3,5.472668737347715,8.111712079553698,13.92221201875099,0.021947261332807024,0.03883111210363589,0.1229579824243
pun_mishin_2009,NON_RESERVED_207,207,11.270707225920232,19.717790227801384,103.25775938883552,0.05246043948457438,0.07849775607040042,0.36406764487201004
pun_mishin_2009,NON_RESERVED_207:Al3Ni,60,3.8865164278425093,4.884772053122928,9.277728998002829,0.06827916791210706,0.09054001052168204,0.36406764487201004
pun_mishin_2009,NON_RESERVED_207:Al3Ni2,34,10.144791728687023,14.786288619162068,39.55911918612216,0.03671539238428835,0.06327297616101506,0.2483958266897
pun_mishin_2009,NON_RESERVED_207:Al3Ni5,37,14.734719768470022,22.83681308098896,63.8453845112883,0.04504829526555077,0.07228860895817159,0.21753711169322099
pun_mishin_2009,NON_RESERVED_207:AlNi,38,19.740486739048805,32.19897732015862,103.25775938883552,0.0012664794598331022,0.004065536976071503,0.023782659766900013
pun_mishin_2009,NON_RESERVED_207:AlNi3,38,12.094720100061396,18.439733560946724,49.01435178964775,0.0101934287433149,0.02480830857946707,0.12669108845649996
mishin_2004_ipr2,ALL_227,227,6.8320275004467135,12.226449256591216,84.1032918013749,0.08173517278831008,0.11837713337627129,0.5419367696522848
mishin_2004_ipr2,ALL_227:Al3Ni,65,9.940782822689906,13.560764453624246,41.47562159567951,0.0981910126485689,0.12302237710592621,0.3782517398701
mishin_2004_ipr2,ALL_227:Al3Ni2,38,3.6272766469198965,5.640522006707768,16.530007416697146,0.060836399062156994,0.10420688717746733,0.41715272084000005
mishin_2004_ipr2,ALL_227:Al3Ni5,42,3.0255417344639675,4.174621875640457,14.213379582868058,0.08502982611807058,0.14225955666267512,0.5419367696522848
mishin_2004_ipr2,ALL_227:AlNi,41,13.77544990383343,21.95569227875523,84.1032918013749,0.024939630092958364,0.05965049667953829,0.24528643185079996
mishin_2004_ipr2,ALL_227:AlNi3,41,1.8296743326572358,2.590379736248913,8.44223059670756,0.023240810200012552,0.05505234491962394,0.30293202635289995
mishin_2004_ipr2,RESERVED_20,20,4.448798332696136,6.8112665883323364,17.365140181698102,0.09040103427286843,0.12967195877112167,0.5405392355663142
mishin_2004_ipr2,RESERVED_20:Al3Ni,5,5.8653927846155085,8.450103418011441,15.948963788909865,0.10291444921680025,0.12823005645401944,0.3394440648793
mishin_2004_ipr2,RESERVED_20:Al3Ni2,4,3.2979702227722285,5.56128408613824,11.034243097036978,0.061186527531200914,0.10889262657820724,0.3747006593089
mishin_2004_ipr2,RESERVED_20:Al3Ni5,5,3.559902941183425,4.836263905388277,8.523498010425186,0.09929888693375319,0.1586629247694012,0.5405392355663142
mishin_2004_ipr2,RESERVED_20:AlNi,3,7.482854881645906,10.241100778054124,17.365140181698102,0.055129766261418606,0.07105335064703673,0.1276961877286
mishin_2004_ipr2,RESERVED_20:AlNi3,3,2.0696808296338056,2.276445392322403,3.3312366493776224,0.04364523768554454,0.07466858803009001,0.258193944221
mishin_2004_ipr2,NON_RESERVED_207,207,7.062291188152083,12.62722097793534,84.1032918013749,0.0809073577250935,0.11724126096014925,0.5419367696522848
mishin_2004_ipr2,NON_RESERVED_207:Al3Ni,60,10.280398659196106,13.902104383844605,41.47562159567951,0.09779739293454964,0.12257841745732415,0.3782517398701
mishin_2004_ipr2,NON_RESERVED_207:Al3Ni2,34,3.666018579172563,5.649771053567877,16.530007416697146,0.06079520747756358,0.10364169701511207,0.41715272084000005
mishin_2004_ipr2,NON_RESERVED_207:Al3Ni5,37,2.95333076058296,4.07698353310047,14.213379582868058,0.08310157465649187,0.13989544386416874,0.5419367696522848
mishin_2004_ipr2,NON_RESERVED_207:AlNi,38,14.27223372137455,22.623642108467138,84.1032918013749,0.022556198290185184,0.05865593612087798,0.24528643185079996
mishin_2004_ipr2,NON_RESERVED_207:AlNi3,38,1.8107264513169803,2.6135584908020406,8.44223059670756,0.021629934345891607,0.05319650607143123,0.30293202635289995
mishin_2002,ALL_227,227,7.279778939706694,12.96522387898585,59.76956091604091,0.11023049913619219,0.17481163811015973,0.8881836022258
mishin_2002,ALL_227:Al3Ni,65,3.048350838157771,3.682041853999256,9.578680052358294,0.13033292396909235,0.17210251371648186,0.6979691581930001
mishin_2002,ALL_227:Al3Ni2,38,4.675587550838556,6.633334507427517,21.153046107588125,0.1467774709965616,0.2888571523428365,0.8881836022258
mishin_2002,ALL_227:Al3Ni5,42,4.915798648220173,8.60379531784514,37.96118114287151,0.09550982057330183,0.15709924877208228,0.4942110794660576
mishin_2002,ALL_227:AlNi,41,12.144153875242827,19.614687000372868,59.76956091604091,0.01514054820459974,0.03696215973073406,0.18729271208640008
mishin_2002,ALL_227:AlNi3,41,13.959044775392591,20.195093476205294,57.48033981139321,0.018115118001042277,0.043559997929082585,0.2931619666042
mishin_2002,RESERVED_20,20,5.269307988882863,8.59401075075456,21.745776664059406,0.11445965601945322,0.17783697172232885,0.835246850648
mishin_2002,RESERVED_20:Al3Ni,5,2.2952083322563155,2.8720687133138947,4.998598554415423,0.12991485855993673,0.1692716832676984,0.4497131290081
mishin_2002,RESERVED_20:Al3Ni2,4,6.1159116109841705,9.278381785404255,17.542070114831176,0.137908584143208,0.28469799717584576,0.835246850648
mishin_2002,RESERVED_20:Al3Ni5,5,6.294570765507855,10.220949992681396,21.745776664059406,0.10560383677081503,0.15878502273202222,0.3749784863978834
mishin_2002,RESERVED_20:AlNi,3,6.093260386990984,9.395842605348061,16.20318379951513,0.030805855344929283,0.03996081280042896,0.07166883219200001
mishin_2002,RESERVED_20:AlNi3,3,6.56461222797559,10.072377730389514,17.368171557417433,0.04368972337602803,0.07389544147908729,0.230704392625
mishin_2002,NON_RESERVED_207,207,7.474027340752475,13.31173712010384,59.76956091604091,0.10982650470598951,0.17451989591969516,0.8881836022258
mishin_2002,NON_RESERVED_207:Al3Ni,60,3.1111127136495593,3.7416333342520467,9.578680052358294,0.13036776275318865,0.1723363173182101,0.6979691581930001
mishin_2002,NON_RESERVED_207:Al3Ni2,34,4.50613766140966,6.248974833333026,21.153046107588125,0.14782086944989728,0.28934253418851713,0.8881836022258
mishin_2002,NON_RESERVED_207:Al3Ni5,37,4.729478091829947,8.361306067693913,37.96118114287151,0.09414576433039464,0.15687005203133123,0.4942110794660576
mishin_2002,NON_RESERVED_207:AlNi,38,12.621855992736394,20.20248044712972,59.76956091604091,0.013903813430363197,0.036714994660635755,0.18729271208640008
mishin_2002,NON_RESERVED_207:AlNi3,38,14.542815765978144,20.785341141236835,57.48033981139321,0.016096070208280248,0.040201728618464445,0.2931619666042
