config_id,phase,family,has_rattle,estimated_seconds,pod_number
cfg266_AlNi3_shear_rattle_xz_positive,AlNi3,shear_rattle,True,1574,1
cfg181_Al3Ni_orthorhombic_xy_compression,Al3Ni,orthorhombic,False,623,1
cfg248_AlNi3_uniaxial_x_compression,AlNi3,uniaxial,False,537,1
cfg258_AlNi3_orthorhombic_xy_compression,AlNi3,orthorhombic,False,537,1
cfg230_Al3Ni5_biaxial_yz_compression,Al3Ni5,biaxial,False,506,1
cfg201_Al3Ni2_biaxial_xz_expansion,Al3Ni2,biaxial,False,244,1
cfg207_Al3Ni2_orthorhombic_xz_compression,Al3Ni2,orthorhombic,False,244,1
cfg155_AlNi_biaxial_yz_compression,AlNi,biaxial,False,173,1
cfg269_AlNi3_shear_rattle_yz_positive,AlNi3,shear_rattle,True,1574,2
cfg182_Al3Ni_orthorhombic_xz_expansion,Al3Ni,orthorhombic,False,623,2
cfg249_AlNi3_uniaxial_y_expansion,AlNi3,uniaxial,False,537,2
cfg259_AlNi3_orthorhombic_xz_compression,AlNi3,orthorhombic,False,537,2
cfg231_Al3Ni5_orthorhombic_xy_expansion,Al3Ni5,orthorhombic,False,506,2
cfg202_Al3Ni2_biaxial_xz_compression,Al3Ni2,biaxial,False,244,2
cfg208_Al3Ni2_orthorhombic_yz_expansion,Al3Ni2,orthorhombic,False,244,2
cfg156_AlNi_orthorhombic_xy_expansion,AlNi,orthorhombic,False,173,2
cfg271_AlNi3_shear_rattle_yz_negative,AlNi3,shear_rattle,True,1574,3
cfg183_Al3Ni_orthorhombic_xz_compression,Al3Ni,orthorhombic,False,623,3
cfg250_AlNi3_uniaxial_z_expansion,AlNi3,uniaxial,False,537,3
cfg260_AlNi3_orthorhombic_yz_expansion,AlNi3,orthorhombic,False,537,3
cfg232_Al3Ni5_orthorhombic_xy_compression,Al3Ni5,orthorhombic,False,506,3
cfg203_Al3Ni2_biaxial_yz_expansion,Al3Ni2,biaxial,False,244,3
cfg209_Al3Ni2_orthorhombic_yz_compression,Al3Ni2,orthorhombic,False,244,3
cfg157_AlNi_orthorhombic_xy_compression,AlNi,orthorhombic,False,173,3
cfg272_AlNi3_volume_rattle_expansion,AlNi3,volume_rattle,True,1574,4
cfg184_Al3Ni_orthorhombic_yz_expansion,Al3Ni,orthorhombic,False,623,4
cfg251_AlNi3_uniaxial_z_compression,AlNi3,uniaxial,False,537,4
cfg261_AlNi3_orthorhombic_yz_compression,AlNi3,orthorhombic,False,537,4
cfg233_Al3Ni5_orthorhombic_xz_expansion,Al3Ni5,orthorhombic,False,506,4
cfg204_Al3Ni2_biaxial_yz_compression,Al3Ni2,biaxial,False,244,4
cfg146_AlNi_uniaxial_x_compression,AlNi,uniaxial,False,173,4
cfg153_AlNi_biaxial_xz_expansion,AlNi,biaxial,False,173,4
cfg189_Al3Ni_shear_rattle_xz_positive,Al3Ni,shear_rattle,True,1480,5
cfg178_Al3Ni_biaxial_xz_compression,Al3Ni,biaxial,False,623,5
cfg219_Al3Ni2_shear_rattle_yz_negative,Al3Ni2,shear_rattle,True,550,5
cfg255_AlNi3_biaxial_xz_compression,AlNi3,biaxial,False,537,5
cfg227_Al3Ni5_biaxial_xy_compression,Al3Ni5,biaxial,False,506,5
cfg170_AlNi_volume_rattle_expansion,AlNi,volume_rattle,True,476,5
cfg150_AlNi_uniaxial_z_compression,AlNi,uniaxial,False,173,5
cfg191_Al3Ni_shear_rattle_xz_negative,Al3Ni,shear_rattle,True,1480,6
cfg179_Al3Ni_biaxial_yz_expansion,Al3Ni,biaxial,False,623,6
cfg220_Al3Ni2_volume_rattle_expansion,Al3Ni2,volume_rattle,True,550,6
cfg256_AlNi3_biaxial_yz_compression,AlNi3,biaxial,False,537,6
cfg228_Al3Ni5_biaxial_xz_expansion,Al3Ni5,biaxial,False,506,6
cfg195_Al3Ni2_uniaxial_x_expansion,Al3Ni2,uniaxial,False,244,6
cfg205_Al3Ni2_orthorhombic_xy_compression,Al3Ni2,orthorhombic,False,244,6
cfg152_AlNi_biaxial_xy_compression,AlNi,biaxial,False,173,6
cfg194_Al3Ni_shear_rattle_yz_negative,Al3Ni,shear_rattle,True,1480,7
cfg180_Al3Ni_biaxial_yz_compression,Al3Ni,biaxial,False,623,7
cfg247_AlNi3_uniaxial_x_expansion,AlNi3,uniaxial,False,537,7
cfg254_AlNi3_biaxial_xz_expansion,AlNi3,biaxial,False,537,7
cfg224_Al3Ni5_uniaxial_z_expansion,Al3Ni5,uniaxial,False,506,7
cfg166_AlNi_shear_rattle_xz_negative,AlNi,shear_rattle,True,476,7
cfg149_AlNi_uniaxial_z_expansion,AlNi,uniaxial,False,173,7
cfg160_AlNi_orthorhombic_yz_compression,AlNi,orthorhombic,False,173,7
cfg241_Al3Ni5_shear_rattle_xz_negative,Al3Ni5,shear_rattle,True,795,8
cfg172_Al3Ni_uniaxial_x_expansion,Al3Ni,uniaxial,False,623,8
cfg175_Al3Ni_uniaxial_z_compression,Al3Ni,uniaxial,False,623,8
cfg185_Al3Ni_orthorhombic_yz_compression,Al3Ni,orthorhombic,False,623,8
cfg257_AlNi3_orthorhombic_xy_expansion,AlNi3,orthorhombic,False,537,8
cfg229_Al3Ni5_biaxial_yz_expansion,Al3Ni5,biaxial,False,506,8
cfg198_Al3Ni2_uniaxial_y_compression,Al3Ni2,uniaxial,False,244,8
cfg206_Al3Ni2_orthorhombic_xz_expansion,Al3Ni2,orthorhombic,False,244,8
cfg154_AlNi_biaxial_yz_expansion,AlNi,biaxial,False,173,8
cfg244_Al3Ni5_shear_rattle_yz_negative,Al3Ni5,shear_rattle,True,795,9
cfg173_Al3Ni_uniaxial_y_compression,Al3Ni,uniaxial,False,623,9
cfg176_Al3Ni_biaxial_xy_compression,Al3Ni,biaxial,False,623,9
cfg214_Al3Ni2_shear_rattle_xz_positive,Al3Ni2,shear_rattle,True,550,9
cfg252_AlNi3_biaxial_xy_expansion,AlNi3,biaxial,False,537,9
cfg222_Al3Ni5_uniaxial_x_compression,Al3Ni5,uniaxial,False,506,9
cfg234_Al3Ni5_orthorhombic_xz_compression,Al3Ni5,orthorhombic,False,506,9
cfg147_AlNi_uniaxial_y_expansion,AlNi,uniaxial,False,173,9
cfg158_AlNi_orthorhombic_xz_expansion,AlNi,orthorhombic,False,173,9
cfg245_Al3Ni5_volume_rattle_expansion,Al3Ni5,volume_rattle,True,795,10
cfg174_Al3Ni_uniaxial_z_expansion,Al3Ni,uniaxial,False,623,10
cfg177_Al3Ni_biaxial_xz_expansion,Al3Ni,biaxial,False,623,10
cfg216_Al3Ni2_shear_rattle_xz_negative,Al3Ni2,shear_rattle,True,550,10
cfg253_AlNi3_biaxial_xy_compression,AlNi3,biaxial,False,537,10
cfg223_Al3Ni5_uniaxial_y_expansion,Al3Ni5,uniaxial,False,506,10
cfg235_Al3Ni5_orthorhombic_yz_compression,Al3Ni5,orthorhombic,False,506,10
cfg148_AlNi_uniaxial_y_compression,AlNi,uniaxial,False,173,10
cfg159_AlNi_orthorhombic_xz_compression,AlNi,orthorhombic,False,173,10
