chunk_id,config_id,phase,canonical_input,input_sha256,estimated_seconds,status
chunk_10,cfg044_Al3Ni_shear_rattle_xy_negative,Al3Ni,/workspace/ni_al/data/expansion_026_100/qe_inputs/cfg044_Al3Ni_shear_rattle_xy_negative.in,4e37d5ab801d49c9d4e1f0918245efe91893878ae5095a21e0ec81108b454fd6,572.50,PENDING
chunk_10,cfg059_Al3Ni5_shear_yz_negative,Al3Ni5,/workspace/ni_al/data/expansion_026_100/qe_inputs/cfg059_Al3Ni5_shear_yz_negative.in,1219edb330aefafab83cd0a3bf1ef609f266d779a95d5befe66d7b5afd0be0f8,451.78,PENDING
chunk_10,cfg060_Al3Ni5_volume_rattle_expansion,Al3Ni5,/workspace/ni_al/data/expansion_026_100/qe_inputs/cfg060_Al3Ni5_volume_rattle_expansion.in,ab4cd1bfb7f6946aa5cd8370fa47d8da93355dad4a45ac516fc4a11173fa8400,451.78,PENDING
chunk_10,cfg061_Al3Ni5_rattle_xlarge,Al3Ni5,/workspace/ni_al/data/expansion_026_100/qe_inputs/cfg061_Al3Ni5_rattle_xlarge.in,3418cbdeb4241d3920a9380233a8ef40d3b2290f81432cdea8b9e2b1e8d1bbbf,451.78,PENDING
chunk_10,cfg100_AlNi3_shear_rattle_xz_negative,AlNi3,/workspace/ni_al/data/expansion_026_100/qe_inputs/cfg100_AlNi3_shear_rattle_xz_negative.in,59717123c2326d9e488a71304abab90fa12fcf9904a6c63944c796acb6170911,329.13,PENDING
chunk_10,cfg075_Al3Ni2_volume_rattle_expansion,Al3Ni2,/workspace/ni_al/data/expansion_026_100/qe_inputs/cfg075_Al3Ni2_volume_rattle_expansion.in,b0cd42d192f50b3cb0535fb5070d86700fa7f8ade963d9a1c499252b11b8a95b,261.99,PENDING
chunk_10,cfg086_AlNi_shear_rattle_xz_positive,AlNi,/workspace/ni_al/data/expansion_026_100/qe_inputs/cfg086_AlNi_shear_rattle_xz_positive.in,baff1d80209b26089f7107b97947cf848c2b77b768fbf82fe12fd680966e3a10,51.77,PENDING
chunk_10,cfg087_AlNi_biaxial_xz_compression,AlNi,/workspace/ni_al/data/expansion_026_100/qe_inputs/cfg087_AlNi_biaxial_xz_compression.in,b90084fba9023f2e5813e98622ef6a37978bbcf56fbcfe18e3fb3cca3f5bdf67,51.77,PENDING
chunk_10,cfg088_AlNi_shear_rattle_yz_negative,AlNi,/workspace/ni_al/data/expansion_026_100/qe_inputs/cfg088_AlNi_shear_rattle_yz_negative.in,9553bfc00c5cb6921f2b47f221fdf16be5788422df33c1bea9df9ebd077aaee6,51.77,PENDING
